rating,
PG-13,
TV-MA,
TV-MA,
TV-MA,
TV-MA,
TV-MA,
PG,
TV-MA,
TV-14,
PG-13,
TV-MA,
TV-MA,
TV-MA,
TV-PG,
TV-MA,
TV-MA,
TV-MA,
TV-MA,
TV-14,
TV-MA,
TV-14,
TV-14,
TV-PG,
TV-Y,
TV-14,
TV-14,
TV-PG,
PG-13,
PG-13,
PG-13,
TV-14,
TV-MA,
TV-MA,
TV-MA,
TV-Y7,
TV-MA,
TV-MA,
TV-Y7,
PG-13,
TV-Y7,
TV-Y7,
PG,
PG,
PG,
PG-13,
PG,
R,
TV-MA,
R,
TV-MA,
TV-PG,
TV-14,
TV-14,
TV-PG,
TV-PG,
TV-PG,
TV-14,
TV-PG,
TV-PG,
TV-PG,
TV-14,
TV-PG,
TV-PG,
TV-PG,
TV-PG,
TV-Y,
TV-G,
TV-PG,
TV-14,
TV-PG,
TV-MA,
TV-Y,
TV-MA,
TV-MA,
TV-PG,
TV-G,
TV-14,
TV-Y7,
TV-14,
TV-14,
TV-Y7,
R,
TV-14,
TV-MA,
TV-MA,
TV-Y7,
TV-MA,
TV-Y,
PG-13,
TV-Y7,
TV-MA,
TV-14,
TV-MA,
TV-MA,
PG,
TV-MA,
TV-MA,
TV-Y7,
TV-Y,
TV-MA,
TV-Y7,
TV-MA,
TV-14,
TV-MA,
TV-Y,
TV-14,
TV-G,
G,
TV-G,
TV-MA,
TV-MA,
TV-Y,
PG-13,
TV-PG,
TV-14,
PG,
TV-PG,
PG-13,
TV-14,
TV-MA,
TV-Y7,
TV-14,
R,
TV-Y7,
TV-Y7,
TV-MA,
TV-14,
PG,
PG-13,
PG-13,
TV-Y,
R,
TV-MA,
R,
PG-13,
R,
R,
PG,
PG-13,
R,
TV-MA,
R,
PG-13,
PG-13,
R,
R,
R,
TV-PG,
TV-14,
R,
R,
TV-14,
TV-MA,
TV-Y,
TV-MA,
PG,
PG,
TV-14,
PG-13,
TV-MA,
TV-PG,
PG-13,
PG-13,
R,
PG-13,
TV-MA,
R,
PG,
PG,
PG-13,
R,
PG-13,
PG-13,
PG-13,
R,
R,
PG-13,
TV-14,
R,
PG-13,
PG-13,
TV-14,
PG-13,
R,
TV-PG,
TV-MA,
TV-14,
TV-G,
TV-MA,
TV-Y,
TV-14,
R,
TV-14,
TV-MA,
TV-MA,
TV-14,
TV-14,
TV-Y7,
TV-MA,
TV-14,
TV-14,
TV-14,
TV-MA,
TV-MA,
TV-MA,
TV-14,
TV-MA,
TV-14,
TV-14,
TV-14,
TV-MA,
TV-MA,
TV-MA,
TV-PG,
R,
TV-MA,
TV-14,
TV-14,
TV-14,
TV-14,
TV-PG,
TV-14,
TV-MA,
TV-MA,
TV-14,
TV-MA,
TV-MA,
TV-MA,
R,
TV-MA,
TV-MA,
PG,
TV-G,
TV-MA,
TV-Y,
TV-PG,
TV-14,
TV-14,
TV-14,
TV-14,
TV-MA,
TV-14,
TV-MA,
TV-MA,
TV-14,
TV-PG,
TV-MA,
R,
TV-MA,
TV-Y7,
TV-PG,
PG-13,
TV-MA,
TV-14,
TV-Y,
TV-MA,
TV-14,
TV-14,
TV-MA,
TV-PG,
TV-MA,
TV-14,
TV-MA,
TV-Y,
R,
TV-14,
TV-MA,
R,
TV-MA,
TV-Y7,
TV-MA,
TV-MA,
TV-Y7,
TV-MA,
TV-MA,
TV-MA,
TV-MA,
TV-14,
TV-MA,
TV-PG,
TV-PG,
TV-14,
TV-MA,
PG-13,
TV-14,
R,
TV-Y,
TV-14,
TV-MA,
TV-14,
TV-MA,
TV-14,
PG-13,
TV-MA,
TV-PG,
PG-13,
TV-MA,
TV-MA,
TV-MA,
TV-14,
PG,
TV-14,
TV-MA,
TV-MA,
TV-14,
TV-MA,
TV-PG,
TV-MA,
TV-MA,
TV-PG,
TV-MA,
TV-MA,
TV-MA,
TV-14,
R,
TV-MA,
TV-14,
PG-13,
TV-MA,
TV-14,
TV-PG,
TV-14,
TV-MA,
TV-14,
TV-Y7,
PG,
PG,
PG-13,
R,
PG-13,
PG,
TV-MA,
R,
PG-13,
PG-13,
R,
TV-14,
R,
TV-14,
TV-14,
PG-13,
R,
PG-13,
PG-13,
PG,
PG,
R,
PG,
PG-13,
PG-13,
PG-13,
R,
R,
R,
R,
R,
PG-13,
R,
PG-13,
R,
PG-13,
TV-14,
TV-14,
R,
TV-Y7,
TV-14,
TV-14,
TV-14,
TV-14,
TV-14,
TV-MA,
TV-14,
TV-MA,
TV-MA,
TV-PG,
TV-14,
TV-Y7,
TV-MA,
TV-14,
TV-MA,
TV-14,
TV-MA,
TV-14,
TV-MA,
TV-14,
TV-MA,
TV-Y,
TV-14,
TV-MA,
TV-MA,
TV-MA,
TV-MA,
R,
PG,
TV-MA,
TV-MA,
TV-MA,
TV-MA,
TV-MA,
TV-PG,
TV-PG,
TV-MA,
TV-MA,
TV-MA,
TV-MA,
TV-Y,
TV-Y7,
TV-Y7,
TV-Y7,
TV-Y7,
TV-Y7,
TV-Y7,
TV-Y7,
TV-Y7,
TV-Y7,
TV-Y7,
TV-Y7,
TV-Y7,
TV-Y,
TV-Y7,
TV-Y7,
TV-Y7,
TV-Y7,
TV-Y7,
TV-Y7,
TV-14,
TV-MA,
TV-14,
TV-G,
TV-14,
TV-14,
TV-MA,
TV-Y7,
TV-MA,
TV-MA,
TV-MA,
TV-14,
R,
TV-PG,
TV-MA,
TV-MA,
R,
TV-Y7,
R,
TV-14,
R,
PG-13,
PG-13,
PG-13,
PG-13,
PG-13,
PG-13,
TV-PG,
TV-MA,
TV-MA,
TV-MA,
TV-14,
TV-PG,
TV-14,
TV-14,
PG,
TV-14,
TV-MA,
TV-MA,
R,
TV-MA,
TV-MA,
TV-MA,
TV-MA,
TV-MA,
TV-14,
TV-PG,
TV-Y,
TV-MA,
R,
TV-MA,
TV-MA,
TV-14,
TV-MA,
R,
TV-14,
TV-MA,
TV-MA,
TV-MA,
TV-G,
TV-14,
PG,
TV-MA,
TV-14,
TV-14,
TV-MA,
PG-13,
PG-13,
TV-MA,
R,
TV-MA,
PG-13,
TV-14,
TV-MA,
TV-PG,
TV-MA,
TV-MA,
TV-14,
TV-MA,
TV-MA,
TV-PG,
TV-G,
TV-14,
TV-MA,
TV-Y,
TV-14,
TV-MA,
TV-Y7,
TV-14,
TV-MA,
TV-MA,
TV-MA,
TV-14,
TV-14,
TV-MA,
TV-MA,
TV-MA,
TV-Y7,
TV-MA,
TV-MA,
TV-Y,
TV-MA,
TV-Y,
TV-14,
TV-MA,
TV-G,
TV-PG,
TV-MA,
TV-14,
TV-G,
TV-Y,
TV-14,
TV-14,
TV-PG,
TV-PG,
TV-G,
TV-14,
TV-14,
TV-MA,
TV-MA,
TV-Y,
TV-14,
TV-Y7,
TV-14,
TV-14,
R,
TV-MA,
TV-MA,
TV-MA,
TV-MA,
R,
TV-14,
PG-13,
R,
R,
PG-13,
PG-13,
PG-13,
PG-13,
R,
TV-G,
PG-13,
PG-13,
PG,
TV-14,
TV-14,
TV-MA,
PG-13,
PG,
PG,
PG-13,
R,
TV-MA,
PG-13,
R,
TV-14,
PG-13,
PG-13,
R,
R,
PG-13,
R,
TV-MA,
TV-Y,
R,
TV-Y7,
PG-13,
R,
PG,
PG-13,
PG,
R,
PG-13,
R,
PG-13,
R,
PG,
PG,
PG,
R,
R,
PG-13,
R,
PG-13,
PG-13,
R,
R,
R,
TV-MA,
PG-13,
R,
R,
TV-MA,
TV-MA,
TV-14,
TV-MA,
TV-14,
R,
TV-MA,
TV-MA,
TV-MA,
TV-MA,
TV-14,
TV-Y,
TV-14,
R,
TV-14,
TV-14,
TV-MA,
TV-14,
TV-MA,
PG-13,
TV-MA,
TV-MA,
TV-14,
TV-MA,
PG,
TV-MA,
R,
TV-MA,
TV-14,
TV-MA,
TV-G,
TV-MA,
TV-14,
TV-14,
TV-MA,
TV-14,
TV-MA,
TV-MA,
TV-MA,
TV-MA,
TV-14,
TV-14,
TV-14,
TV-14,
TV-MA,
TV-14,
TV-MA,
TV-Y,
TV-MA,
TV-14,
TV-14,
TV-MA,
TV-MA,
TV-14,
TV-MA,
TV-14,
TV-MA,
TV-MA,
TV-MA,
TV-14,
TV-MA,
TV-MA,
TV-MA,
TV-MA,
TV-MA,
TV-MA,
TV-MA,
TV-MA,
PG-13,
TV-14,
TV-MA,
TV-14,
TV-14,
TV-14,
TV-14,
TV-14,
TV-14,
TV-PG,
TV-14,
TV-MA,
TV-MA,
TV-MA,
TV-MA,
TV-MA,
TV-MA,
R,
TV-MA,
TV-14,
TV-14,
TV-MA,
TV-14,
PG-13,
TV-MA,
TV-PG,
TV-MA,
TV-MA,
TV-Y7,
TV-MA,
TV-MA,
TV-MA,
TV-G,
R,
TV-G,
TV-Y,
R,
TV-MA,
TV-G,
TV-14,
TV-MA,
TV-MA,
TV-MA,
TV-MA,
TV-MA,
TV-MA,
TV-14,
TV-MA,
TV-Y7,
TV-MA,
TV-PG,
PG,
TV-MA,
TV-14,
PG,
R,
TV-MA,
TV-MA,
TV-MA,
TV-MA,
TV-14,
TV-MA,
TV-MA,
TV-PG,
TV-MA,
TV-MA,
TV-Y7,
PG-13,
TV-MA,
R,
TV-G,
TV-MA,
TV-PG,
TV-MA,
TV-G,
TV-G,
TV-PG,
TV-14,
TV-14,
TV-14,
TV-MA,
TV-MA,
TV-14,
TV-MA,
TV-G,
TV-14,
TV-14,
TV-MA,
TV-MA,
PG-13,
TV-MA,
PG-13,
TV-MA,
TV-MA,
PG-13,
TV-Y,
TV-14,
R,
TV-MA,
TV-MA,
TV-Y,
R,
R,
PG-13,
TV-14,
TV-MA,
R,
PG,
PG-13,
TV-14,
TV-14,
R,
PG-13,
R,
PG-13,
TV-14,
R,
R,
TV-PG,
R,
TV-14,
TV-14,
TV-PG,
R,
PG-13,
PG,
TV-Y,
R,
TV-Y7,
PG,
TV-MA,
PG-13,
PG-13,
PG-13,
PG,
TV-14,
R,
R,
TV-MA,
R,
TV-MA,
TV-MA,
TV-14,
PG-13,
TV-Y7,
TV-MA,
TV-MA,
TV-14,
TV-MA,
TV-PG,
TV-PG,
TV-MA,
TV-MA,
TV-MA,
TV-MA,
TV-MA,
TV-MA,
TV-14,
TV-MA,
TV-MA,
TV-14,
PG,
TV-MA,
TV-MA,
TV-G,
TV-14,
TV-14,
TV-14,
R,
TV-MA,
TV-Y7,
TV-MA,
TV-MA,
TV-14,
TV-14,
TV-MA,
TV-Y7,
TV-MA,
PG,
TV-14,
R,
R,
PG-13,
TV-Y,
TV-MA,
TV-14,
TV-14,
R,
TV-MA,
TV-Y,
TV-MA,
TV-MA,
TV-MA,
TV-MA,
TV-MA,
TV-MA,
TV-MA,
TV-Y7,
TV-MA,
TV-MA,
TV-MA,
TV-14,
TV-MA,
TV-14,
R,
TV-MA,
R,
TV-MA,
TV-14,
TV-MA,
TV-14,
TV-14,
TV-14,
TV-14,
TV-MA,
TV-14,
TV-PG,
TV-14,
TV-MA,
R,
TV-14,
TV-MA,
TV-MA,
TV-MA,
TV-14,
TV-MA,
TV-Y7,
TV-14,
TV-PG,
TV-MA,
TV-MA,
R,
TV-MA,
TV-PG,
TV-MA,
TV-PG,
TV-MA,
TV-MA,
TV-Y,
PG,
TV-Y,
R,
TV-Y,
PG-13,
R,
R,
PG-13,
R,
G,
R,
PG,
TV-Y7,
TV-Y7,
TV-Y7,
TV-Y7,
TV-Y7,
TV-Y7,
R,
PG-13,
TV-MA,
TV-MA,
PG-13,
PG-13,
TV-14,
PG-13,
PG-13,
R,
R,
R,
TV-PG,
R,
R,
TV-PG,
TV-14,
TV-MA,
TV-MA,
PG,
R,
TV-MA,
TV-MA,
TV-MA,
TV-MA,
TV-G,
TV-MA,
R,
PG-13,
R,
TV-MA,
TV-PG,
TV-14,
TV-14,
TV-14,
TV-14,
TV-MA,
TV-MA,
TV-MA,
TV-MA,
TV-14,
TV-MA,
TV-MA,
TV-MA,
TV-14,
TV-MA,
TV-14,
TV-MA,
TV-MA,
TV-G,
TV-G,
TV-14,
TV-14,
TV-MA,
TV-MA,
TV-PG,
TV-14,
TV-MA,
TV-MA,
TV-14,
TV-MA,
TV-MA,
TV-Y,
TV-Y,
TV-Y7,
TV-Y,
TV-Y,
TV-Y7,
TV-Y7,
TV-14,
TV-MA,
R,
TV-Y,
R,
TV-MA,
TV-MA,
TV-14,
PG,
TV-14,
TV-MA,
PG,
TV-MA,
TV-Y7,
TV-Y7,
TV-Y,
R,
TV-14,
TV-MA,
TV-MA,
TV-14,
TV-14,
R,
R,
PG-13,
TV-14,
TV-14,
TV-PG,
TV-MA,
TV-MA,
TV-MA,
TV-PG,
TV-14,
TV-MA,
TV-14,
TV-14,
TV-14,
TV-Y,
TV-Y,
TV-MA,
TV-Y7,
R,
TV-MA,
TV-14,
R,
TV-PG,
TV-14,
TV-MA,
TV-MA,
TV-14,
TV-MA,
TV-14,
TV-MA,
TV-MA,
TV-MA,
TV-MA,
TV-MA,
TV-MA,
TV-14,
TV-MA,
TV-Y7,
TV-Y7,
TV-Y7,
TV-Y7,
TV-PG,
TV-Y7,
TV-Y7,
TV-Y,
TV-PG,
TV-14,
TV-G,
TV-14,
R,
TV-14,
TV-MA,
TV-MA,
TV-14,
PG-13,
TV-MA,
TV-PG,
TV-MA,
TV-PG,
TV-14,
TV-MA,
TV-MA,
TV-Y7,
TV-MA,
TV-14,
TV-MA,
TV-MA,
PG,
PG-13,
R,
TV-Y,
R,
R,
TV-MA,
TV-MA,
TV-MA,
TV-MA,
PG-13,
PG,
PG-13,
PG-13,
TV-PG,
TV-PG,
TV-PG,
PG-13,
R,
PG-13,
PG-13,
TV-14,
TV-G,
R,
TV-MA,
G,
TV-MA,
R,
TV-PG,
TV-14,
TV-14,
TV-14,
R,
R,
PG-13,
TV-14,
TV-PG,
R,
PG-13,
R,
TV-14,
TV-MA,
TV-MA,
PG-13,
PG-13,
TV-14,
TV-MA,
TV-Y,
TV-Y7,
TV-PG,
TV-Y,
TV-Y,
PG-13,
R,
TV-PG,
TV-PG,
TV-MA,
TV-G,
TV-MA,
TV-MA,
TV-PG,
TV-14,
TV-MA,
TV-MA,
TV-PG,
TV-14,
TV-14,
TV-MA,
TV-Y7,
TV-Y7,
TV-14,
TV-MA,
TV-14,
TV-14,
PG-13,
TV-MA,
TV-MA,
R,
TV-Y7,
TV-Y7,
TV-PG,
TV-MA,
TV-G,
TV-14,
TV-MA,
TV-MA,
R,
TV-14,
TV-G,
R,
PG-13,
TV-MA,
TV-PG,
TV-14,
R,
TV-14,
PG-13,
TV-MA,
R,
TV-Y,
TV-14,
TV-14,
PG,
TV-14,
TV-MA,
TV-G,
TV-14,
TV-MA,
TV-G,
TV-MA,
TV-14,
TV-MA,
TV-MA,
TV-MA,
TV-MA,
TV-MA,
TV-MA,
PG,
TV-PG,
TV-MA,
TV-14,
TV-MA,
TV-MA,
TV-MA,
TV-G,
TV-14,
TV-MA,
PG-13,
TV-14,
TV-14,
TV-Y7,
TV-MA,
TV-14,
TV-MA,
TV-Y7,
TV-MA,
TV-14,
TV-14,
R,
PG-13,
PG-13,
TV-14,
PG-13,
TV-14,
TV-Y,
TV-MA,
TV-PG,
R,
TV-MA,
TV-G,
PG-13,
TV-14,
TV-Y,
R,
TV-14,
R,
TV-14,
TV-Y7,
R,
TV-MA,
TV-MA,
TV-MA,
R,
R,
TV-MA,
TV-MA,
TV-MA,
TV-MA,
TV-PG,
TV-MA,
TV-MA,
TV-MA,
TV-14,
TV-PG,
TV-14,
TV-MA,
TV-14,
TV-G,
TV-14,
TV-14,
TV-14,
TV-MA,
R,
R,
TV-14,
TV-MA,
TV-14,
PG-13,
TV-G,
R,
TV-14,
TV-PG,
TV-MA,
TV-MA,
TV-MA,
TV-14,
TV-14,
TV-14,
TV-MA,
TV-MA,
TV-MA,
TV-14,
TV-PG,
TV-PG,
TV-14,
TV-MA,
PG,
TV-Y7,
TV-14,
TV-14,
TV-14,
TV-MA,
TV-14,
TV-MA,
TV-MA,
TV-MA,
TV-G,
TV-14,
TV-Y7,
TV-MA,
TV-MA,
TV-14,
TV-14,
R,
TV-MA,
TV-14,
TV-MA,
TV-MA,
TV-MA,
PG,
TV-MA,
TV-G,
R,
TV-14,
TV-MA,
TV-MA,
TV-PG,
TV-MA,
TV-MA,
TV-14,
R,
TV-MA,
R,
TV-MA,
TV-14,
TV-MA,
TV-MA,
TV-MA,
TV-MA,
TV-Y7,
TV-PG,
TV-MA,
PG-13,
TV-14,
TV-14,
TV-14,
TV-MA,
R,
R,
TV-MA,
TV-14,
TV-PG,
TV-14,
PG,
TV-Y7,
PG-13,
R,
TV-MA,
PG,
PG-13,
TV-14,
TV-PG,
TV-MA,
TV-14,
TV-MA,
TV-MA,
TV-MA,
TV-14,
TV-14,
TV-Y,
TV-14,
TV-PG,
TV-14,
TV-14,
TV-14,
TV-MA,
PG-13,
R,
R,
R,
R,
TV-MA,
TV-14,
TV-MA,
TV-Y,
R,
PG-13,
R,
TV-14,
TV-MA,
TV-Y7,
TV-14,
TV-G,
TV-G,
R,
PG,
TV-Y,
TV-MA,
R,
TV-MA,
TV-14,
TV-PG,
TV-MA,
TV-14,
R,
TV-MA,
TV-MA,
TV-MA,
TV-MA,
TV-MA,
R,
TV-14,
TV-14,
TV-Y7,
TV-14,
TV-MA,
TV-MA,
TV-MA,
TV-Y,
TV-14,
TV-MA,
TV-14,
TV-14,
PG,
R,
TV-MA,
TV-MA,
TV-14,
TV-MA,
TV-PG,
TV-14,
TV-G,
TV-14,
PG-13,
TV-14,
TV-MA,
R,
TV-14,
TV-G,
R,
TV-Y,
PG-13,
PG,
PG-13,
TV-G,
R,
TV-MA,
R,
PG-13,
TV-MA,
R,
TV-Y7,
TV-Y,
TV-14,
TV-G,
TV-14,
PG-13,
TV-MA,
PG-13,
TV-MA,
TV-MA,
TV-14,
TV-14,
TV-PG,
TV-14,
TV-G,
TV-MA,
TV-MA,
TV-MA,
TV-14,
TV-MA,
TV-Y7,
TV-PG,
PG-13,
PG,
TV-MA,
TV-MA,
TV-MA,
TV-PG,
TV-Y,
TV-MA,
TV-MA,
TV-G,
PG,
TV-MA,
TV-G,
TV-14,
TV-14,
PG-13,
TV-MA,
R,
TV-MA,
TV-14,
TV-14,
TV-Y,
TV-Y,
TV-Y,
TV-Y,
TV-MA,
R,
TV-14,
TV-MA,
PG-13,
TV-MA,
R,
TV-MA,
R,
TV-PG,
TV-PG,
TV-MA,
TV-PG,
TV-14,
TV-14,
R,
TV-14,
TV-14,
TV-Y,
TV-MA,
TV-14,
TV-MA,
TV-PG,
TV-MA,
TV-MA,
TV-MA,
TV-MA,
PG-13,
PG-13,
TV-14,
TV-14,
R,
TV-MA,
TV-MA,
TV-14,
R,
TV-Y,
TV-MA,
TV-14,
TV-14,
TV-14,
PG-13,
TV-Y7,
TV-MA,
TV-MA,
TV-14,
TV-Y,
TV-Y,
G,
PG-13,
TV-MA,
PG-13,
TV-MA,
TV-MA,
TV-MA,
TV-14,
TV-G,
TV-14,
TV-MA,
TV-MA,
TV-14,
TV-14,
TV-14,
TV-G,
TV-PG,
TV-14,
TV-PG,
PG,
TV-MA,
TV-PG,
TV-14,
TV-Y7,
TV-Y,
R,
TV-14,
R,
TV-14,
TV-MA,
TV-MA,
TV-Y,
TV-MA,
TV-MA,
TV-Y7,
TV-MA,
TV-MA,
TV-MA,
R,
TV-MA,
TV-PG,
TV-14,
TV-MA,
TV-Y,
TV-MA,
TV-14,
TV-PG,
TV-MA,
TV-14,
TV-MA,
TV-MA,
PG-13,
TV-Y,
PG-13,
TV-14,
R,
PG-13,
TV-Y,
TV-14,
PG,
TV-MA,
TV-Y,
TV-Y,
R,
PG-13,
TV-MA,
TV-14,
PG-13,
TV-14,
R,
TV-PG,
TV-PG,
TV-MA,
TV-PG,
R,
TV-Y,
TV-MA,
TV-14,
TV-Y,
TV-PG,
TV-MA,
TV-MA,
TV-14,
TV-MA,
TV-14,
TV-MA,
TV-MA,
TV-PG,
TV-14,
TV-MA,
TV-14,
R,
TV-MA,
TV-PG,
PG,
TV-14,
TV-14,
TV-MA,
TV-Y,
R,
TV-MA,
TV-14,
R,
TV-MA,
TV-MA,
TV-14,
TV-PG,
R,
TV-14,
TV-Y,
TV-G,
TV-14,
PG,
TV-MA,
TV-PG,
TV-PG,
TV-MA,
TV-14,
TV-14,
TV-14,
TV-14,
TV-MA,
TV-14,
TV-14,
TV-G,
TV-G,
TV-14,
TV-G,
TV-PG,
TV-MA,
TV-Y7,
TV-MA,
PG-13,
R,
TV-G,
TV-14,
TV-Y,
PG,
TV-G,
TV-Y,
TV-14,
TV-MA,
TV-G,
TV-14,
TV-MA,
TV-Y7,
PG,
TV-PG,
PG-13,
TV-MA,
TV-G,
TV-MA,
TV-MA,
R,
TV-MA,
TV-MA,
TV-MA,
PG-13,
TV-14,
TV-MA,
TV-MA,
TV-MA,
TV-14,
TV-MA,
TV-14,
TV-14,
TV-Y7,
TV-PG,
TV-MA,
TV-PG,
TV-MA,
TV-MA,
R,
TV-MA,
TV-MA,
TV-14,
TV-14,
TV-G,
TV-14,
TV-G,
TV-14,
TV-G,
TV-PG,
TV-MA,
TV-PG,
TV-MA,
TV-14,
TV-PG,
TV-PG,
TV-MA,
R,
TV-MA,
TV-PG,
TV-14,
TV-Y,
TV-Y,
PG,
TV-14,
TV-14,
TV-Y,
TV-Y,
TV-Y7,
TV-Y7,
TV-Y,
PG,
R,
R,
R,
TV-Y,
TV-MA,
PG-13,
PG,
TV-14,
R,
TV-PG,
TV-MA,
TV-PG,
TV-14,
TV-14,
TV-14,
TV-14,
TV-Y,
TV-14,
TV-MA,
TV-14,
TV-MA,
TV-MA,
TV-14,
TV-MA,
TV-14,
R,
TV-MA,
TV-PG,
TV-MA,
TV-Y,
TV-14,
TV-MA,
TV-14,
TV-14,
R,
TV-MA,
TV-MA,
TV-MA,
TV-MA,
PG,
TV-14,
TV-MA,
TV-MA,
TV-MA,
TV-MA,
TV-MA,
PG-13,
TV-14,
R,
R,
TV-PG,
TV-MA,
PG-13,
TV-Y,
PG-13,
TV-14,
TV-14,
TV-MA,
TV-14,
TV-MA,
TV-MA,
TV-MA,
TV-MA,
TV-MA,
TV-14,
TV-MA,
TV-MA,
TV-MA,
TV-14,
TV-14,
TV-MA,
PG,
TV-14,
R,
TV-MA,
TV-MA,
R,
TV-MA,
TV-MA,
TV-Y7,
R,
R,
TV-PG,
R,
TV-14,
TV-Y,
TV-14,
TV-PG,
TV-14,
TV-14,
TV-Y7,
TV-PG,
TV-MA,
TV-14,
TV-14,
TV-MA,
TV-14,
TV-Y,
TV-MA,
TV-14,
TV-14,
TV-MA,
TV-Y7,
TV-14,
TV-14,
TV-MA,
TV-MA,
TV-MA,
TV-MA,
TV-Y,
R,
TV-MA,
TV-MA,
TV-14,
TV-MA,
TV-14,
TV-MA,
PG-13,
TV-MA,
R,
TV-14,
TV-Y,
TV-14,
TV-14,
PG,
TV-MA,
TV-14,
TV-Y,
TV-Y,
TV-14,
TV-Y,
TV-PG,
TV-MA,
TV-PG,
TV-MA,
TV-MA,
TV-MA,
TV-MA,
PG-13,
TV-MA,
TV-PG,
R,
TV-14,
TV-MA,
TV-14,
TV-MA,
TV-MA,
R,
TV-MA,
TV-14,
PG-13,
TV-MA,
TV-MA,
TV-MA,
PG-13,
TV-MA,
TV-MA,
TV-PG,
TV-14,
R,
TV-PG,
TV-14,
TV-14,
TV-MA,
TV-MA,
TV-PG,
TV-MA,
TV-PG,
TV-MA,
R,
TV-MA,
TV-MA,
PG-13,
TV-MA,
R,
PG-13,
TV-PG,
TV-14,
TV-MA,
TV-PG,
TV-14,
TV-14,
TV-14,
TV-14,
TV-PG,
TV-PG,
TV-MA,
TV-14,
TV-14,
TV-14,
TV-Y,
TV-MA,
TV-MA,
TV-MA,
TV-MA,
PG-13,
TV-MA,
PG-13,
TV-G,
TV-MA,
TV-PG,
TV-PG,
TV-MA,
TV-MA,
TV-MA,
TV-MA,
TV-MA,
TV-MA,
TV-MA,
TV-14,
TV-14,
TV-Y,
TV-MA,
TV-14,
TV-MA,
TV-MA,
TV-MA,
TV-G,
TV-14,
TV-14,
TV-14,
TV-MA,
TV-MA,
TV-Y,
TV-14,
TV-MA,
TV-MA,
TV-MA,
TV-14,
TV-MA,
TV-MA,
TV-MA,
TV-PG,
R,
TV-MA,
R,
TV-MA,
TV-PG,
TV-MA,
R,
TV-MA,
PG,
PG,
TV-MA,
TV-Y,
TV-14,
TV-MA,
TV-14,
PG,
TV-Y7,
TV-MA,
TV-MA,
TV-14,
TV-14,
TV-14,
TV-14,
TV-PG,
TV-PG,
TV-G,
TV-14,
TV-G,
TV-MA,
TV-MA,
TV-14,
TV-14,
TV-G,
TV-14,
TV-MA,
TV-14,
TV-MA,
TV-PG,
TV-MA,
TV-14,
PG-13,
TV-MA,
TV-14,
TV-G,
TV-MA,
TV-Y7,
PG,
TV-MA,
R,
TV-14,
R,
TV-14,
TV-Y7,
TV-MA,
TV-14,
TV-MA,
TV-PG,
TV-PG,
TV-MA,
TV-14,
TV-MA,
PG,
TV-G,
TV-MA,
PG-13,
TV-14,
TV-Y,
TV-MA,
TV-Y,
TV-MA,
TV-PG,
TV-14,
TV-14,
TV-MA,
TV-MA,
TV-Y7,
PG,
R,
TV-PG,
TV-14,
TV-MA,
TV-Y7,
TV-MA,
TV-14,
PG,
TV-Y,
TV-Y,
TV-14,
TV-MA,
PG,
TV-MA,
TV-MA,
TV-MA,
TV-MA,
TV-14,
TV-MA,
TV-MA,
PG-13,
TV-MA,
TV-MA,
TV-MA,
TV-MA,
PG-13,
TV-Y,
TV-MA,
PG-13,
TV-MA,
TV-G,
TV-14,
TV-MA,
TV-MA,
TV-14,
TV-PG,
TV-MA,
TV-PG,
TV-MA,
TV-14,
TV-14,
TV-14,
TV-Y7,
R,
TV-PG,
TV-PG,
TV-Y7,
TV-PG,
PG-13,
PG-13,
TV-MA,
TV-PG,
TV-MA,
TV-14,
TV-PG,
TV-MA,
TV-G,
TV-Y7,
TV-MA,
TV-Y,
R,
TV-MA,
TV-MA,
TV-Y7,
TV-Y7,
TV-MA,
R,
TV-MA,
TV-MA,
TV-14,
PG,
TV-MA,
TV-G,
TV-MA,
PG-13,
TV-14,
TV-14,
R,
TV-MA,
TV-MA,
TV-MA,
TV-PG,
TV-14,
TV-Y,
TV-PG,
TV-Y7,
TV-Y,
TV-14,
TV-Y7,
TV-PG,
TV-MA,
TV-14,
TV-14,
TV-14,
TV-Y,
TV-G,
TV-PG,
TV-MA,
TV-MA,
TV-MA,
R,
TV-PG,
TV-G,
TV-14,
R,
TV-Y,
TV-G,
R,
TV-14,
TV-Y,
TV-MA,
R,
TV-PG,
TV-Y,
TV-MA,
TV-MA,
TV-G,
TV-PG,
TV-14,
TV-MA,
TV-Y7,
TV-MA,
TV-MA,
TV-MA,
TV-MA,
TV-MA,
TV-MA,
TV-PG,
TV-MA,
TV-MA,
TV-MA,
TV-MA,
TV-14,
TV-14,
TV-MA,
TV-Y7,
TV-Y,
TV-MA,
TV-MA,
TV-MA,
TV-G,
TV-14,
TV-14,
TV-Y7,
TV-PG,
TV-MA,
TV-MA,
TV-MA,
TV-MA,
TV-MA,
TV-PG,
TV-MA,
TV-14,
TV-Y,
TV-MA,
TV-MA,
R,
TV-14,
TV-MA,
TV-MA,
TV-14,
TV-MA,
TV-14,
TV-MA,
TV-Y7,
TV-MA,
TV-Y,
TV-14,
TV-MA,
TV-MA,
TV-MA,
TV-MA,
TV-MA,
TV-14,
TV-PG,
TV-14,
TV-14,
TV-Y7,
R,
TV-MA,
TV-G,
TV-MA,
TV-MA,
TV-14,
R,
TV-14,
TV-MA,
R,
PG,
TV-MA,
TV-MA,
TV-MA,
TV-14,
TV-14,
TV-14,
TV-MA,
TV-14,
TV-MA,
TV-14,
TV-PG,
TV-14,
TV-14,
TV-14,
TV-MA,
TV-MA,
TV-14,
TV-PG,
TV-MA,
TV-MA,
TV-PG,
TV-14,
TV-MA,
TV-14,
TV-14,
TV-MA,
TV-MA,
TV-MA,
TV-PG,
TV-14,
TV-14,
TV-Y7,
TV-MA,
TV-MA,
TV-MA,
PG-13,
TV-MA,
TV-PG,
TV-G,
TV-MA,
TV-G,
TV-MA,
TV-MA,
TV-14,
TV-MA,
TV-MA,
TV-Y,
TV-MA,
TV-MA,
TV-MA,
R,
TV-MA,
TV-14,
PG-13,
TV-MA,
TV-14,
R,
TV-Y,
TV-MA,
TV-14,
TV-MA,
TV-MA,
TV-14,
TV-G,
TV-MA,
TV-14,
TV-MA,
PG,
TV-MA,
PG-13,
TV-MA,
TV-14,
TV-MA,
TV-MA,
TV-14,
TV-14,
TV-G,
TV-MA,
TV-14,
TV-14,
PG-13,
TV-MA,
TV-PG,
TV-MA,
TV-MA,
TV-14,
TV-14,
TV-PG,
TV-MA,
R,
TV-MA,
TV-14,
TV-MA,
TV-14,
TV-MA,
TV-G,
TV-PG,
TV-MA,
TV-MA,
TV-MA,
TV-14,
TV-MA,
TV-MA,
TV-PG,
TV-MA,
TV-MA,
TV-MA,
TV-14,
TV-14,
TV-PG,
TV-14,
TV-G,
TV-MA,
TV-MA,
TV-14,
TV-MA,
PG,
TV-MA,
R,
TV-PG,
TV-14,
PG-13,
TV-PG,
TV-MA,
PG,
TV-14,
TV-MA,
TV-G,
TV-14,
TV-14,
TV-14,
TV-MA,
R,
TV-MA,
TV-MA,
TV-MA,
TV-MA,
PG,
TV-14,
TV-MA,
TV-MA,
TV-MA,
TV-14,
TV-MA,
TV-14,
TV-MA,
R,
TV-MA,
TV-MA,
TV-MA,
PG-13,
TV-MA,
TV-14,
TV-14,
TV-MA,
R,
TV-MA,
TV-14,
PG-13,
TV-14,
TV-MA,
TV-14,
TV-14,
TV-MA,
TV-MA,
TV-MA,
TV-14,
TV-MA,
TV-MA,
R,
TV-G,
TV-14,
TV-14,
TV-14,
TV-14,
TV-14,
TV-MA,
TV-14,
TV-14,
TV-Y,
TV-PG,
TV-14,
TV-MA,
TV-Y7,
TV-14,
TV-G,
TV-MA,
TV-PG,
TV-MA,
TV-MA,
PG,
TV-MA,
TV-MA,
R,
TV-14,
TV-14,
TV-PG,
TV-MA,
TV-MA,
TV-MA,
TV-MA,
TV-MA,
TV-14,
TV-14,
TV-MA,
TV-G,
TV-MA,
TV-MA,
TV-14,
TV-14,
R,
TV-MA,
TV-14,
TV-G,
TV-G,
TV-14,
TV-MA,
PG,
R,
TV-MA,
TV-G,
TV-14,
TV-14,
TV-PG,
TV-14,
TV-MA,
TV-14,
TV-14,
TV-14,
TV-14,
TV-14,
TV-PG,
TV-MA,
TV-PG,
TV-14,
TV-MA,
TV-14,
TV-MA,
TV-14,
TV-MA,
TV-PG,
TV-14,
TV-14,
TV-14,
TV-PG,
TV-14,
TV-MA,
TV-14,
TV-14,
TV-14,
PG,
TV-PG,
TV-14,
TV-PG,
TV-MA,
TV-MA,
TV-14,
TV-14,
TV-Y7,
TV-MA,
TV-MA,
TV-MA,
TV-PG,
TV-14,
TV-MA,
TV-Y7,
TV-MA,
TV-MA,
TV-Y,
TV-MA,
TV-14,
TV-14,
TV-G,
TV-MA,
TV-14,
TV-MA,
TV-14,
TV-PG,
TV-14,
TV-MA,
TV-14,
TV-Y,
TV-14,
TV-PG,
TV-14,
TV-MA,
TV-MA,
TV-MA,
R,
TV-MA,
TV-MA,
TV-14,
TV-MA,
TV-Y7,
TV-14,
TV-14,
TV-MA,
TV-PG,
PG,
TV-MA,
TV-PG,
PG,
TV-G,
TV-14,
TV-MA,
PG-13,
TV-14,
TV-PG,
TV-PG,
PG,
TV-14,
PG,
R,
TV-PG,
TV-14,
R,
TV-MA,
TV-MA,
TV-Y,
TV-MA,
TV-MA,
PG,
TV-Y,
TV-14,
TV-MA,
TV-PG,
TV-MA,
TV-G,
TV-MA,
TV-MA,
PG-13,
R,
TV-Y,
TV-Y,
TV-Y,
PG,
TV-14,
TV-14,
TV-MA,
TV-PG,
TV-14,
TV-MA,
TV-MA,
TV-14,
TV-PG,
TV-MA,
TV-14,
TV-MA,
TV-G,
TV-14,
TV-MA,
TV-MA,
TV-MA,
TV-MA,
TV-14,
TV-MA,
TV-MA,
TV-MA,
TV-MA,
TV-14,
TV-14,
PG-13,
TV-14,
TV-14,
TV-MA,
TV-MA,
TV-PG,
TV-MA,
TV-14,
TV-MA,
TV-14,
TV-MA,
TV-14,
PG-13,
TV-14,
TV-14,
TV-14,
TV-14,
TV-14,
TV-MA,
TV-PG,
TV-14,
TV-MA,
TV-MA,
TV-14,
TV-G,
TV-14,
TV-MA,
TV-14,
TV-MA,
TV-PG,
TV-MA,
TV-MA,
TV-MA,
TV-MA,
PG,
TV-14,
TV-14,
TV-MA,
TV-MA,
TV-MA,
TV-MA,
TV-14,
TV-Y,
TV-14,
TV-MA,
TV-MA,
TV-MA,
TV-MA,
TV-MA,
TV-MA,
R,
TV-MA,
TV-MA,
TV-MA,
TV-MA,
PG-13,
PG,
TV-MA,
R,
TV-G,
TV-14,
TV-PG,
TV-MA,
TV-MA,
TV-MA,
TV-14,
TV-14,
TV-14,
TV-MA,
TV-MA,
TV-MA,
TV-MA,
TV-MA,
TV-G,
TV-MA,
PG,
TV-14,
TV-MA,
TV-MA,
PG,
TV-MA,
TV-MA,
R,
TV-MA,
R,
R,
TV-MA,
TV-MA,
TV-14,
TV-MA,
R,
TV-14,
TV-PG,
TV-14,
TV-14,
TV-Y7,
TV-14,
TV-MA,
TV-14,
TV-14,
TV-14,
TV-14,
TV-14,
TV-14,
TV-14,
TV-MA,
TV-14,
TV-14,
TV-14,
TV-14,
TV-14,
TV-14,
TV-14,
TV-14,
TV-MA,
TV-Y7,
TV-14,
TV-Y7,
TV-14,
TV-MA,
TV-MA,
TV-MA,
TV-G,
R,
TV-MA,
TV-14,
TV-14,
R,
TV-Y7,
TV-G,
TV-Y7,
TV-MA,
PG,
TV-MA,
TV-MA,
TV-14,
R,
TV-Y,
TV-14,
TV-MA,
R,
TV-Y,
TV-MA,
TV-MA,
TV-MA,
TV-MA,
TV-MA,
TV-14,
TV-Y,
TV-MA,
TV-MA,
TV-Y,
TV-MA,
TV-MA,
TV-G,
TV-MA,
PG,
R,
TV-MA,
TV-MA,
TV-MA,
TV-MA,
TV-14,
TV-Y,
TV-14,
TV-Y7,
TV-Y7,
TV-14,
TV-PG,
TV-MA,
TV-MA,
TV-14,
TV-PG,
TV-MA,
TV-MA,
TV-MA,
R,
TV-MA,
TV-14,
R,
TV-MA,
PG,
TV-MA,
TV-14,
TV-MA,
TV-Y7,
TV-MA,
R,
TV-14,
TV-Y,
TV-Y,
TV-MA,
TV-Y,
TV-MA,
TV-14,
TV-14,
TV-MA,
TV-PG,
TV-MA,
TV-MA,
R,
TV-14,
TV-MA,
TV-MA,
TV-14,
TV-MA,
TV-Y7,
TV-MA,
TV-PG,
TV-MA,
TV-MA,
TV-MA,
TV-MA,
TV-MA,
R,
TV-MA,
TV-MA,
TV-PG,
TV-14,
TV-Y,
TV-MA,
TV-MA,
TV-MA,
R,
TV-14,
R,
TV-Y,
TV-MA,
TV-14,
TV-MA,
R,
TV-MA,
TV-14,
TV-MA,
TV-14,
TV-Y,
TV-Y,
TV-MA,
PG,
TV-14,
TV-14,
R,
TV-14,
TV-MA,
TV-MA,
TV-MA,
TV-14,
TV-14,
TV-MA,
TV-MA,
TV-MA,
TV-14,
TV-MA,
TV-MA,
TV-Y7,
TV-14,
TV-14,
TV-MA,
TV-MA,
TV-MA,
TV-MA,
TV-MA,
TV-MA,
TV-14,
TV-MA,
TV-PG,
TV-14,
TV-MA,
TV-MA,
TV-MA,
TV-MA,
TV-G,
TV-MA,
TV-MA,
TV-14,
R,
TV-MA,
TV-PG,
TV-MA,
TV-PG,
TV-PG,
R,
TV-MA,
R,
TV-MA,
R,
PG-13,
TV-Y,
TV-Y,
G,
TV-MA,
TV-MA,
TV-MA,
TV-PG,
TV-14,
TV-MA,
TV-14,
TV-PG,
TV-MA,
TV-MA,
TV-14,
TV-MA,
TV-PG,
TV-14,
TV-Y,
TV-Y7,
R,
TV-PG,
TV-14,
TV-MA,
TV-MA,
PG-13,
TV-MA,
TV-14,
TV-14,
TV-Y,
TV-14,
R,
TV-14,
TV-14,
TV-14,
R,
TV-MA,
TV-MA,
TV-14,
TV-14,
TV-MA,
TV-MA,
PG-13,
PG,
TV-14,
TV-PG,
TV-14,
TV-MA,
TV-MA,
TV-14,
TV-MA,
TV-MA,
R,
PG-13,
TV-Y7,
TV-G,
TV-PG,
TV-MA,
TV-14,
TV-Y,
TV-MA,
TV-G,
TV-MA,
TV-MA,
TV-MA,
TV-14,
TV-MA,
TV-MA,
TV-MA,
TV-14,
TV-MA,
TV-MA,
TV-14,
TV-MA,
TV-14,
TV-PG,
TV-MA,
TV-14,
TV-14,
TV-MA,
PG,
TV-MA,
TV-MA,
TV-MA,
TV-14,
TV-MA,
TV-MA,
TV-PG,
TV-MA,
TV-MA,
TV-14,
TV-14,
TV-14,
TV-MA,
TV-MA,
TV-MA,
TV-14,
TV-PG,
TV-14,
TV-14,
R,
TV-MA,
TV-MA,
TV-MA,
TV-14,
TV-PG,
TV-14,
TV-14,
PG,
TV-MA,
R,
TV-14,
TV-14,
R,
TV-14,
TV-MA,
TV-MA,
R,
TV-MA,
TV-MA,
TV-Y,
TV-MA,
TV-G,
TV-14,
TV-MA,
TV-14,
TV-MA,
TV-Y7,
TV-MA,
TV-MA,
R,
TV-Y,
TV-MA,
TV-MA,
TV-MA,
R,
TV-MA,
TV-14,
TV-14,
TV-PG,
TV-14,
TV-MA,
TV-MA,
TV-14,
TV-14,
TV-14,
TV-PG,
TV-PG,
TV-Y7,
TV-Y,
TV-Y7,
G,
TV-MA,
TV-MA,
G,
TV-MA,
TV-G,
TV-MA,
TV-Y7,
TV-MA,
R,
TV-Y7,
TV-MA,
TV-14,
TV-MA,
R,
TV-MA,
TV-MA,
TV-14,
TV-14,
TV-MA,
TV-PG,
PG-13,
TV-MA,
TV-MA,
TV-Y7,
TV-Y,
TV-Y7,
TV-MA,
TV-14,
TV-14,
TV-MA,
TV-MA,
TV-14,
TV-MA,
TV-MA,
TV-MA,
TV-MA,
TV-MA,
R,
TV-PG,
PG-13,
R,
R,
PG-13,
TV-MA,
TV-14,
TV-PG,
TV-PG,
R,
TV-14,
TV-Y,
TV-PG,
TV-MA,
TV-14,
TV-MA,
TV-PG,
TV-MA,
PG-13,
TV-MA,
TV-PG,
TV-MA,
TV-MA,
TV-MA,
TV-MA,
TV-MA,
TV-MA,
R,
TV-14,
TV-PG,
TV-Y,
TV-14,
TV-MA,
TV-14,
TV-MA,
TV-14,
TV-14,
TV-14,
TV-14,
TV-PG,
TV-14,
TV-14,
TV-14,
TV-14,
TV-PG,
TV-14,
TV-MA,
TV-14,
TV-Y7,
TV-14,
TV-Y7,
TV-14,
R,
TV-MA,
TV-MA,
TV-14,
TV-14,
TV-MA,
TV-MA,
TV-MA,
TV-MA,
TV-14,
TV-MA,
TV-PG,
R,
TV-14,
PG-13,
TV-MA,
TV-14,
TV-14,
TV-PG,
R,
TV-MA,
TV-MA,
TV-Y7,
TV-PG,
TV-MA,
TV-14,
TV-MA,
TV-MA,
TV-14,
TV-PG,
TV-PG,
TV-MA,
TV-MA,
TV-MA,
TV-PG,
TV-14,
TV-MA,
TV-MA,
PG,
TV-PG,
R,
TV-MA,
TV-MA,
TV-14,
TV-MA,
TV-14,
TV-PG,
TV-14,
TV-PG,
TV-Y,
TV-14,
TV-14,
TV-MA,
TV-MA,
TV-14,
TV-G,
TV-14,
TV-14,
TV-Y,
TV-MA,
TV-MA,
TV-MA,
TV-MA,
TV-MA,
TV-MA,
TV-MA,
TV-14,
TV-14,
TV-PG,
TV-14,
TV-MA,
TV-PG,
TV-MA,
R,
TV-14,
TV-Y7,
TV-MA,
R,
TV-MA,
TV-Y,
TV-MA,
TV-Y,
TV-MA,
TV-14,
TV-MA,
R,
TV-14,
TV-MA,
TV-14,
TV-MA,
TV-MA,
TV-PG,
TV-MA,
TV-MA,
TV-MA,
TV-MA,
TV-Y7,
TV-Y7,
TV-14,
TV-MA,
TV-MA,
TV-14,
TV-MA,
TV-G,
TV-14,
TV-MA,
TV-MA,
TV-14,
TV-MA,
TV-MA,
TV-MA,
PG-13,
R,
TV-14,
R,
TV-14,
TV-PG,
TV-MA,
TV-14,
TV-MA,
TV-14,
TV-PG,
TV-PG,
PG,
TV-MA,
TV-Y,
TV-PG,
TV-14,
TV-14,
TV-MA,
TV-14,
TV-MA,
TV-14,
TV-MA,
TV-14,
TV-MA,
TV-14,
TV-MA,
TV-14,
TV-MA,
R,
TV-14,
TV-MA,
TV-MA,
TV-14,
TV-Y7,
PG-13,
TV-MA,
TV-MA,
TV-14,
TV-MA,
TV-14,
TV-14,
TV-G,
TV-PG,
TV-MA,
TV-MA,
R,
TV-MA,
R,
TV-PG,
TV-14,
TV-MA,
TV-MA,
TV-Y,
TV-Y7,
TV-G,
TV-PG,
TV-Y,
TV-PG,
TV-Y,
TV-PG,
TV-PG,
TV-Y,
TV-Y,
TV-G,
TV-MA,
TV-PG,
TV-MA,
TV-MA,
TV-14,
TV-PG,
TV-MA,
TV-PG,
TV-14,
TV-MA,
TV-14,
TV-PG,
PG,
TV-PG,
TV-14,
TV-14,
TV-14,
TV-PG,
TV-MA,
TV-Y7,
TV-MA,
R,
TV-MA,
TV-MA,
TV-Y,
TV-MA,
TV-MA,
TV-MA,
TV-MA,
TV-MA,
TV-MA,
TV-MA,
TV-14,
TV-MA,
TV-14,
TV-14,
TV-MA,
TV-MA,
TV-14,
TV-PG,
TV-G,
TV-PG,
TV-G,
TV-MA,
TV-MA,
TV-MA,
R,
TV-MA,
TV-MA,
TV-MA,
TV-PG,
TV-14,
TV-PG,
TV-MA,
TV-MA,
TV-14,
TV-MA,
PG-13,
TV-14,
TV-MA,
TV-PG,
TV-14,
TV-MA,
R,
TV-Y7,
PG-13,
TV-14,
TV-Y,
TV-Y,
TV-Y,
TV-Y,
TV-Y,
TV-MA,
TV-MA,
TV-PG,
TV-Y,
TV-14,
TV-Y,
TV-Y7,
TV-MA,
TV-Y7,
TV-MA,
TV-MA,
R,
TV-MA,
TV-14,
TV-14,
TV-14,
TV-14,
TV-PG,
TV-MA,
TV-MA,
TV-MA,
TV-MA,
TV-14,
R,
TV-MA,
TV-MA,
TV-14,
TV-MA,
TV-14,
TV-MA,
TV-MA,
TV-MA,
TV-MA,
TV-14,
TV-MA,
TV-MA,
TV-MA,
TV-Y7,
TV-14,
TV-14,
PG-13,
TV-14,
TV-MA,
TV-MA,
TV-Y7,
TV-14,
TV-Y7,
TV-14,
TV-MA,
TV-14,
TV-MA,
TV-PG,
TV-MA,
TV-PG,
TV-MA,
TV-PG,
TV-MA,
TV-Y,
TV-Y,
TV-MA,
TV-MA,
TV-MA,
TV-PG,
TV-14,
TV-14,
TV-MA,
TV-MA,
TV-14,
TV-MA,
TV-MA,
TV-PG,
TV-Y,
TV-Y7,
TV-MA,
G,
TV-14,
TV-PG,
G,
R,
TV-MA,
TV-MA,
TV-PG,
TV-PG,
TV-MA,
TV-PG,
TV-MA,
TV-MA,
TV-MA,
TV-14,
PG-13,
TV-MA,
TV-14,
TV-G,
TV-MA,
TV-14,
TV-14,
R,
TV-MA,
TV-MA,
TV-MA,
TV-MA,
TV-MA,
TV-MA,
TV-MA,
TV-MA,
TV-MA,
TV-MA,
TV-14,
TV-MA,
TV-MA,
TV-Y,
TV-MA,
TV-14,
TV-MA,
TV-MA,
TV-PG,
TV-14,
TV-MA,
TV-14,
TV-PG,
TV-MA,
TV-MA,
TV-14,
TV-MA,
TV-14,
TV-PG,
TV-MA,
TV-MA,
TV-MA,
TV-14,
TV-MA,
TV-MA,
TV-MA,
TV-MA,
TV-14,
TV-14,
TV-MA,
TV-G,
TV-14,
TV-14,
TV-MA,
TV-Y,
TV-G,
TV-14,
TV-MA,
TV-14,
G,
TV-14,
TV-Y,
TV-MA,
TV-MA,
TV-PG,
TV-14,
TV-PG,
TV-MA,
TV-Y,
TV-MA,
TV-PG,
TV-14,
TV-MA,
TV-MA,
TV-MA,
TV-MA,
TV-MA,
TV-14,
TV-PG,
TV-14,
TV-PG,
TV-14,
TV-14,
TV-MA,
TV-MA,
TV-MA,
TV-PG,
TV-MA,
TV-G,
TV-MA,
TV-MA,
TV-MA,
TV-MA,
TV-14,
TV-MA,
TV-Y7,
TV-MA,
PG-13,
TV-14,
TV-Y,
TV-MA,
TV-MA,
TV-MA,
TV-MA,
TV-MA,
TV-MA,
TV-MA,
TV-MA,
TV-14,
TV-MA,
TV-MA,
TV-MA,
TV-MA,
TV-Y7,
TV-14,
TV-MA,
TV-MA,
TV-MA,
TV-Y7,
TV-MA,
TV-14,
TV-MA,
TV-MA,
TV-14,
TV-MA,
TV-PG,
TV-MA,
TV-MA,
TV-MA,
TV-MA,
TV-MA,
TV-14,
TV-MA,
TV-14,
TV-MA,
TV-MA,
TV-MA,
TV-MA,
TV-MA,
TV-PG,
TV-MA,
TV-14,
TV-PG,
TV-MA,
R,
TV-14,
TV-14,
TV-MA,
TV-MA,
TV-MA,
TV-MA,
TV-PG,
TV-MA,
TV-14,
TV-MA,
TV-14,
TV-MA,
TV-MA,
TV-MA,
TV-Y,
TV-MA,
TV-MA,
TV-14,
TV-14,
TV-14,
TV-MA,
TV-MA,
TV-MA,
TV-14,
TV-Y7,
TV-MA,
TV-14,
TV-14,
TV-14,
TV-Y7,
TV-14,
TV-PG,
TV-14,
TV-PG,
TV-14,
TV-14,
TV-PG,
TV-Y7,
TV-MA,
TV-MA,
TV-MA,
TV-MA,
TV-MA,
TV-14,
TV-14,
TV-MA,
TV-14,
TV-Y,
TV-14,
TV-MA,
TV-G,
TV-G,
TV-14,
TV-14,
TV-MA,
TV-14,
TV-MA,
TV-MA,
TV-14,
TV-14,
TV-14,
TV-PG,
TV-Y,
TV-MA,
TV-Y,
TV-Y7,
TV-MA,
TV-MA,
TV-MA,
TV-14,
TV-MA,
TV-MA,
TV-MA,
TV-14,
TV-MA,
TV-MA,
TV-MA,
TV-Y,
TV-MA,
TV-PG,
TV-MA,
TV-MA,
TV-PG,
TV-14,
TV-14,
TV-MA,
TV-14, Shuhei's father is a famous pianist. Their chance meeting transforms their lives and music.
R,
TV-MA,
TV-MA,
TV-MA,
TV-MA,
TV-PG,
TV-MA,
TV-MA,
TV-14,
TV-14,
TV-MA,
TV-MA,
TV-MA,
TV-14,
TV-MA,
TV-14,
TV-MA,
R,
TV-MA,
TV-MA,
TV-MA,
TV-PG,
TV-14,
TV-14,
TV-14,
TV-MA,
TV-MA,
TV-MA,
TV-PG,
TV-MA,
TV-PG,
TV-MA,
TV-MA,
TV-MA,
TV-14,
TV-MA,
PG-13,
TV-MA,
TV-MA,
TV-PG,
TV-MA,
TV-MA,
TV-MA,
TV-Y,
TV-MA,
TV-MA,
TV-MA,
TV-PG,
TV-PG,
PG,
TV-PG,
TV-MA,
TV-Y,
TV-MA,
TV-MA,
TV-MA,
TV-14,
TV-MA,
TV-MA,
TV-14,
TV-Y,
TV-14,
TV-G,
TV-MA,
TV-14,
TV-14,
TV-MA,
TV-14,
TV-MA,
TV-14,
TV-MA,
TV-MA,
TV-MA,
TV-MA,
TV-MA,
TV-MA,
TV-MA,
TV-MA,
TV-PG,
TV-MA,
TV-MA,
TV-14,
TV-MA,
TV-MA,
TV-MA,
TV-MA,
TV-PG,
TV-14,
TV-MA,
TV-G,
TV-MA,
TV-MA,
TV-14,
TV-14,
TV-MA,
TV-MA,
TV-MA,
TV-14,
TV-MA,
TV-MA,
TV-MA,
TV-PG,
TV-MA,
TV-PG,
TV-Y,
TV-MA,
TV-Y,
TV-14,
R,
TV-14,
TV-MA,
TV-MA,
TV-G,
TV-14,
TV-14,
TV-MA,
TV-MA,
TV-14,
TV-MA,
TV-MA,
TV-MA,
TV-MA,
TV-14,
TV-MA,
R,
TV-MA,
TV-PG,
TV-PG,
TV-14,
TV-PG,
TV-14,
TV-PG,
TV-14,
TV-PG,
TV-14,
TV-14,
TV-14,
TV-14,
TV-14,
TV-14,
TV-MA,
TV-MA,
TV-14,
TV-MA,
TV-Y7,
TV-MA,
R,
TV-PG,
TV-MA,
TV-14,
TV-MA,
TV-PG,
R,
TV-MA,
TV-MA,
PG,
TV-MA,
TV-14,
TV-MA,
TV-14,
TV-MA,
TV-MA,
TV-MA,
TV-14,
TV-14,
TV-MA,
TV-MA,
TV-MA,
TV-MA,
TV-MA,
TV-MA,
TV-MA,
TV-MA,
TV-PG,
TV-14,
TV-PG,
R,
TV-MA,
TV-MA,
TV-14,
TV-MA,
TV-MA,
TV-14,
TV-MA,
TV-PG,
TV-MA,
R,
TV-MA,
R,
TV-MA,
TV-MA,
R,
TV-Y,
TV-MA,
TV-14,
TV-MA,
TV-MA,
TV-14,
TV-14,
TV-14,
TV-14,
TV-PG,
TV-MA,
TV-MA,
TV-MA,
TV-MA,
TV-MA,
TV-MA,
TV-MA,
TV-14,
TV-14,
TV-MA,
TV-14,
PG-13,
TV-PG,
TV-14,
TV-14,
TV-MA,
TV-MA,
TV-MA,
TV-MA,
TV-PG,
TV-14,
TV-MA,
TV-PG,
TV-MA,
TV-Y7,
TV-MA,
TV-14,
TV-MA,
TV-MA,
TV-MA,
TV-14,
TV-14,
TV-MA,
TV-MA,
TV-Y7,
TV-14,
TV-MA,
TV-MA,
TV-MA,
TV-14,
TV-14,
TV-14,
TV-Y,
TV-14,
TV-MA,
TV-MA,
TV-MA,
R,
TV-MA,
TV-14,
TV-MA,
TV-MA,
TV-MA,
TV-MA,
TV-PG,
TV-PG,
TV-14,
TV-14,
TV-MA,
TV-MA,
TV-Y,
TV-MA,
TV-MA,
TV-MA,
TV-MA,
TV-14,
TV-MA,
TV-MA,
TV-PG,
TV-Y,
TV-14,
TV-14,
TV-14,
TV-MA,
TV-MA,
TV-PG,
TV-MA,
TV-14,
TV-PG,
TV-MA,
TV-MA,
PG-13,
TV-MA,
TV-MA,
TV-MA,
TV-MA,
R,
TV-MA,
TV-MA,
TV-MA,
TV-MA,
TV-MA,
TV-14,
TV-14,
TV-14,
TV-Y7,
TV-14,
TV-MA,
TV-14,
TV-14,
TV-MA,
TV-14,
TV-MA,
TV-14,
TV-14,
R,
TV-MA,
TV-14,
TV-14,
TV-MA,
TV-14,
TV-MA,
TV-14,
TV-MA,
TV-MA,
TV-MA,
TV-PG,
TV-PG,
TV-MA,
TV-14,
TV-14,
TV-MA,
TV-MA,
TV-MA,
TV-MA,
TV-MA,
TV-MA,
TV-14,
TV-MA,
TV-MA,
TV-MA,
TV-MA,
TV-MA,
TV-14,
TV-MA,
TV-MA,
TV-Y7,
TV-MA,
TV-14,
TV-G,
TV-14,
TV-G,
TV-14,
TV-PG,
TV-14,
TV-MA,
PG,
TV-MA,
TV-MA,
TV-MA,
TV-14,
TV-PG,
TV-14,
TV-PG,
TV-14,
TV-PG,
TV-14,
TV-14,
TV-MA,
TV-MA,
TV-MA,
TV-MA,
TV-PG,
TV-MA,
TV-MA,
TV-MA,
TV-MA,
TV-MA,
TV-MA,
TV-PG,
TV-PG,
TV-PG,
TV-MA,
TV-PG,
TV-MA,
TV-14,
R,
TV-MA,
TV-MA,
TV-MA,
TV-14,
TV-MA,
TV-MA,
TV-14,
TV-14,
TV-MA,
TV-MA,
TV-14,
TV-MA,
TV-14,
TV-MA,
TV-MA,
TV-14,
TV-14,
TV-MA,
TV-Y,
TV-MA,
TV-14,
TV-PG,
TV-14,
TV-MA,
TV-MA,
TV-PG,
TV-PG,
TV-MA,
TV-MA,
TV-MA,
TV-14,
TV-MA,
TV-MA,
TV-MA,
TV-MA,
TV-14,
TV-14,
TV-MA,
TV-14,
TV-MA,
TV-MA,
TV-G,
TV-Y7,
TV-Y7,
TV-Y,
TV-Y7,
TV-MA,
TV-MA,
TV-MA,
TV-Y,
R,
TV-PG,
TV-MA,
TV-Y,
TV-14,
TV-14,
TV-14,
TV-14,
TV-MA,
TV-MA,
TV-MA,
TV-14,
TV-MA,
TV-14,
TV-14,
TV-14,
TV-MA,
TV-MA,
TV-MA,
TV-MA,
TV-MA,
TV-MA,
TV-MA,
TV-MA,
TV-MA,
TV-14,
TV-MA,
TV-MA,
TV-MA,
TV-MA,
TV-MA,
TV-14,
TV-MA,
TV-14,
TV-14,
TV-MA,
TV-MA,
TV-G,
TV-MA,
TV-14,
TV-14,
TV-14,
TV-14,
TV-14,
TV-MA,
TV-14,
TV-MA,
TV-MA,
TV-MA,
TV-MA,
TV-14,
TV-MA,
TV-MA,
TV-MA,
TV-MA,
TV-MA,
TV-Y7,
TV-MA,
TV-MA,
TV-MA,
TV-Y,
TV-MA,
TV-PG,
TV-14,
TV-14,
TV-MA,
TV-14,
TV-MA,
TV-PG,
TV-14,
TV-14,
PG,
TV-PG,
TV-14,
TV-MA,
TV-MA,
TV-MA,
TV-Y7,
TV-MA,
TV-MA,
TV-MA,
TV-PG,
TV-MA,
TV-MA,
TV-MA,
TV-MA,
TV-MA,
TV-MA,
TV-MA,
TV-MA,
TV-MA,
TV-MA,
TV-MA,
TV-MA,
TV-MA,
TV-14,
TV-PG,
TV-14,
TV-MA,
TV-MA,
TV-MA,
TV-MA,
TV-MA,
TV-14,
TV-14,
TV-MA,
TV-MA,
TV-MA,
TV-MA,
TV-MA,
TV-MA,
TV-14,
TV-14,
TV-MA,
TV-PG,
TV-14,
TV-PG,
TV-14,
TV-MA,
TV-MA,
TV-PG,
TV-MA,
R,
TV-14,
TV-14,
TV-MA,
TV-14,
TV-MA,
TV-MA,
TV-MA,
TV-MA,
R,
TV-PG,
TV-14,
TV-MA,
TV-MA,
TV-MA,
TV-MA,
TV-MA,
TV-MA,
TV-G,
TV-14,
TV-14,
TV-PG,
TV-PG,
R,
R,
TV-MA,
PG-13,
TV-PG,
TV-MA,
TV-14,
TV-MA,
TV-MA,
TV-PG,
TV-MA,
TV-14,
TV-MA,
TV-14,
TV-MA,
R,
TV-MA,
TV-MA,
TV-MA,
TV-MA,
TV-Y7,
TV-MA,
TV-PG,
TV-MA,
TV-14,
TV-MA,
PG-13,
TV-G,
PG-13,
TV-MA,
TV-MA,
TV-MA,
TV-Y,
TV-MA,
TV-MA,
TV-14,
TV-MA,
TV-14,
TV-14,
TV-MA,
TV-MA,
TV-MA,
TV-MA,
TV-14,
TV-14,
TV-14,
TV-PG,
TV-14,
TV-14,
TV-G,
TV-14,
TV-MA,
TV-14,
TV-Y,
TV-MA,
TV-MA,
TV-MA,
TV-MA,
TV-MA,
TV-MA,
TV-PG,
TV-Y,
TV-PG,
TV-MA,
PG-13,
TV-MA,
TV-MA,
TV-MA,
TV-Y7,
TV-MA,
TV-MA,
TV-MA,
TV-PG,
TV-Y,
TV-MA,
TV-MA,
TV-MA,
TV-14,
TV-PG,
TV-MA,
TV-Y7,
TV-Y7,
PG,
TV-MA,
TV-14,
TV-PG,
TV-MA,
G,
TV-14,
TV-14,
TV-14,
TV-MA,
TV-MA,
TV-G,
R,
TV-G,
TV-MA,
TV-PG,
TV-Y,
PG,
TV-14,
TV-MA,
TV-MA,
TV-14,
TV-14,
TV-14,
TV-MA,
TV-14,
TV-MA,
TV-PG,
TV-14,
TV-MA,
TV-MA,
R,
TV-MA,
TV-MA,
TV-Y,
TV-MA,
TV-MA,
TV-MA,
TV-14,
TV-MA,
TV-14,
TV-MA,
TV-G,
TV-14,
TV-G,
R,
TV-MA,
TV-14,
TV-14,
TV-14,
TV-14,
TV-14,
TV-14,
TV-14,
TV-14,
TV-PG,
TV-14,
TV-Y,
TV-14,
TV-14,
TV-PG,
TV-MA,
TV-MA,
TV-MA,
TV-14,
TV-MA,
TV-14,
TV-14,
TV-MA,
TV-14,
TV-14,
TV-PG,
TV-MA,
TV-14,
TV-MA,
TV-14,
TV-14,
TV-MA,
TV-MA,
TV-14,
TV-MA,
TV-14,
TV-14,
TV-14,
TV-14,
TV-14,
TV-14,
TV-MA,
TV-PG,
TV-MA,
TV-MA,
TV-14,
TV-PG,
PG,
TV-MA,
R,
TV-MA,
TV-14,
TV-MA,
PG-13,
TV-MA,
TV-14,
TV-14,
TV-MA,
TV-MA,
TV-PG,
TV-14,
TV-MA,
TV-14,
TV-MA,
TV-14,
PG-13,
TV-MA,
TV-MA,
TV-14,
TV-PG,
TV-PG,
TV-MA,
TV-MA,
PG,
TV-MA,
TV-14,
TV-MA,
TV-14,
TV-Y,
TV-MA,
TV-MA,
TV-MA,
TV-MA,
TV-MA,
TV-PG,
TV-MA,
TV-MA,
TV-MA,
TV-MA,
TV-MA,
TV-14,
TV-MA,
TV-Y7,
TV-MA,
TV-MA,
TV-MA,
TV-14,
TV-14,
TV-PG,
TV-MA,
R,
TV-MA,
TV-PG,
R,
TV-MA,
R,
TV-MA,
TV-14,
TV-Y,
PG-13,
TV-14,
TV-14,
TV-14,
TV-MA,
R,
TV-Y,
TV-MA,
TV-PG,
PG-13,
TV-MA,
R,
TV-MA,
TV-MA,
TV-MA,
TV-MA,
TV-MA,
TV-MA,
TV-MA,
R,
TV-MA,
TV-MA,
TV-MA,
TV-14,
R,
TV-MA,
TV-14,
TV-MA,
TV-14,
PG,
TV-14,
TV-14,
TV-14,
TV-14,
TV-MA,
TV-PG,
TV-14,
TV-14,
TV-MA,
TV-14,
TV-14,
TV-PG,
TV-MA,
TV-14,
TV-14,
TV-14,
TV-PG,
TV-14,
TV-14,
TV-14,
TV-14,
TV-14,
TV-14,
TV-14,
TV-14,
TV-PG,
TV-14,
TV-PG,
TV-14,
TV-14,
TV-14,
TV-Y,
TV-Y,
TV-MA,
TV-14,
TV-14,
TV-PG,
TV-14,
TV-14,
TV-14,
TV-14,
TV-PG,
TV-14,
TV-14,
TV-PG,
TV-14,
TV-14,
TV-14,
TV-MA,
TV-PG,
TV-14,
TV-14,
TV-MA,
TV-14,
TV-14,
TV-14,
TV-PG,
TV-14,
PG,
TV-MA,
TV-MA,
TV-MA,
TV-14,
TV-MA,
TV-Y7,
TV-Y7,
TV-MA,
TV-MA,
TV-MA,
TV-MA,
TV-14,
TV-MA,
TV-MA,
TV-MA,
TV-14,
TV-PG,
TV-Y7,
TV-14,
TV-MA,
TV-PG,
TV-MA,
TV-MA,
TV-Y,
TV-MA,
TV-MA,
TV-14,
TV-14,
TV-MA,
TV-MA,
TV-MA,
TV-G,
TV-MA,
TV-14,
TV-Y7,
TV-Y7,
TV-MA,
TV-MA,
TV-MA,
TV-PG,
PG-13,
TV-Y7,
TV-MA,
TV-14,
TV-MA,
TV-MA,
TV-14,
TV-MA,
TV-MA,
TV-MA,
TV-14,
TV-MA,
TV-PG,
TV-MA,
TV-MA,
TV-MA,
TV-MA,
TV-MA,
TV-MA,
TV-PG,
TV-PG,
TV-MA,
TV-14,
TV-14,
TV-14,
TV-MA,
TV-MA,
TV-MA,
TV-MA,
TV-MA,
TV-14,
TV-MA,
TV-MA,
TV-14,
TV-14,
TV-14,
PG-13,
TV-14,
TV-14,
TV-PG,
TV-MA,
TV-14,
TV-MA,
TV-14,
TV-MA,
TV-14,
TV-MA,
TV-PG,
TV-PG,
TV-MA,
TV-PG,
TV-MA,
TV-14,
TV-14,
TV-14,
TV-PG,
TV-14,
TV-MA,
TV-PG,
TV-MA,
TV-Y7,
TV-MA,
TV-MA,
TV-PG,
TV-MA,
TV-14,
TV-14,
TV-14,
TV-MA,
TV-14,
TV-14,
TV-PG,
TV-14,
TV-14,
TV-14,
TV-14,
TV-14,
TV-14,
TV-14,
TV-14,
TV-PG,
TV-G,
TV-MA,
TV-MA,
TV-MA,
TV-14,
TV-MA,
TV-MA,
TV-PG,
TV-14,
TV-MA,
TV-MA,
TV-MA,
TV-MA,
TV-MA,
TV-MA,
TV-14,
TV-MA,
TV-PG,
TV-MA,
TV-MA,
TV-PG,
TV-MA,
PG,
TV-MA,
TV-Y7,
TV-MA,
TV-Y,
PG,
TV-MA,
TV-14,
TV-14,
TV-14,
TV-G,
TV-MA,
TV-14,
TV-MA,
TV-MA,
TV-MA,
TV-MA,
TV-MA,
TV-MA,
TV-MA,
TV-PG,
TV-14,
TV-14,
TV-MA,
TV-PG,
TV-MA,
TV-MA,
TV-MA,
TV-MA,
TV-14,
TV-14,
TV-MA,
TV-14,
TV-14,
TV-MA,
TV-PG,
TV-14,
TV-14,
TV-14,
TV-14,
TV-14,
TV-MA,
TV-MA,
TV-MA,
TV-14,
TV-MA,
TV-MA,
TV-MA,
TV-MA,
TV-MA,
TV-14,
TV-MA,
R,
TV-Y7,
TV-MA,
TV-MA,
TV-MA,
TV-MA,
TV-14,
PG-13,
TV-MA,
TV-MA,
TV-MA,
TV-MA,
TV-MA,
TV-MA,
TV-MA,
TV-G,
TV-MA,
PG-13,
TV-MA,
TV-Y,
TV-Y,
TV-MA,
TV-MA,
TV-MA,
TV-MA,
TV-14,
TV-Y7,
TV-14,
TV-MA,
TV-MA,
TV-MA,
TV-MA,
TV-14,
TV-MA,
TV-MA,
TV-MA,
TV-MA,
TV-MA,
TV-MA,
TV-14,
TV-Y7,
TV-MA,
TV-14,
TV-MA,
TV-Y,
TV-Y7,
TV-MA,
TV-MA,
TV-MA,
PG-13,
TV-MA,
TV-MA,
TV-MA,
TV-14,
TV-MA,
TV-MA,
TV-14,
TV-PG,
TV-MA,
TV-14,
TV-MA,
G,
TV-G,
TV-MA,
TV-MA,
TV-PG,
TV-MA,
TV-Y7,
TV-14,
TV-MA,
TV-MA,
TV-MA,
TV-MA,
TV-MA,
TV-14,
TV-PG,
TV-MA,
TV-MA,
TV-MA,
PG,
TV-Y,
TV-Y,
TV-Y,
TV-Y,
TV-Y,
TV-Y,
TV-Y,
TV-14,
TV-PG,
R,
TV-MA,
TV-14,
TV-14,
TV-MA,
TV-MA,
TV-14,
TV-14,
TV-MA,
TV-PG,
TV-MA,
TV-14,
TV-PG,
TV-14,
TV-MA,
TV-PG,
TV-Y,
TV-MA,
TV-PG,
TV-MA,
TV-MA,
TV-PG,
TV-MA,
TV-MA,
TV-MA,
TV-MA,
R,
TV-14,
TV-MA,
TV-Y,
TV-MA,
TV-MA,
TV-MA,
TV-MA,
TV-MA,
TV-14,
TV-14,
TV-MA,
TV-MA,
TV-MA,
TV-MA,
TV-PG,
R,
TV-MA,
TV-MA,
TV-PG,
TV-14,
TV-PG,
TV-MA,
TV-MA,
TV-MA,
TV-14,
TV-14,
TV-14,
TV-PG,
TV-14,
TV-MA,
R,
TV-MA,
TV-MA,
TV-MA,
TV-MA,
TV-MA,
TV-MA,
R,
R,
TV-14,
TV-14,
TV-MA,
TV-MA,
TV-MA,
TV-MA,
TV-MA,
TV-MA,
TV-14,
TV-MA,
TV-PG,
TV-MA,
TV-14,
TV-MA,
TV-MA,
PG-13,
TV-MA,
TV-14,
TV-MA,
TV-MA,
TV-MA,
TV-14,
TV-MA,
TV-Y7,
TV-14,
TV-MA,
TV-MA,
TV-MA,
TV-G,
R,
TV-MA,
TV-14,
TV-G,
TV-MA,
TV-MA,
TV-MA,
TV-MA,
TV-MA,
TV-MA,
TV-MA,
TV-14,
TV-PG,
TV-14,
R,
TV-14,
TV-PG,
TV-MA,
TV-PG,
TV-MA,
TV-MA,
TV-MA,
TV-MA,
TV-MA,
TV-14,
TV-14,
TV-MA,
TV-MA,
TV-MA,
TV-MA,
TV-14,
TV-MA,
TV-MA,
TV-MA,
TV-14,
TV-MA,
TV-MA,
TV-PG,
TV-MA,
TV-Y7,
TV-14,
TV-MA,
TV-MA,
TV-MA,
TV-14,
TV-14,
TV-MA,
TV-PG,
TV-14,
TV-PG,
TV-14,
PG-13,
TV-MA,
TV-MA,
TV-MA,
TV-14,
TV-MA,
TV-MA,
TV-MA,
TV-PG,
TV-14,
TV-MA,
TV-MA,
TV-MA,
TV-MA,
TV-MA,
TV-MA,
TV-Y7,
R,
TV-MA,
TV-MA,
TV-MA,
TV-MA,
TV-MA,
TV-PG,
TV-14,
PG-13,
TV-MA,
TV-MA,
TV-MA,
TV-MA,
TV-14,
TV-MA,
TV-14,
TV-14,
TV-PG,
TV-MA,
TV-14,
TV-14,
TV-MA,
TV-MA,
TV-MA,
TV-MA,
TV-PG,
TV-MA,
PG-13,
TV-MA,
TV-14,
TV-MA,
TV-14,
TV-14,
TV-MA,
TV-Y7,
TV-MA,
TV-MA,
R,
R,
TV-MA,
TV-14,
TV-14,
TV-14,
TV-MA,
TV-MA,
TV-14,
TV-MA,
TV-PG,
TV-14,
TV-MA,
TV-MA,
TV-G,
R,
TV-MA,
TV-14,
TV-MA,
TV-MA,
TV-G,
TV-MA,
PG-13,
TV-MA,
TV-14,
TV-14,
TV-MA,
TV-14,
TV-MA,
TV-14,
TV-14,
TV-14,
TV-Y7,
TV-MA,
TV-MA,
TV-MA,
TV-Y,
TV-Y7,
TV-14,
TV-Y,
TV-PG,
TV-Y7,
TV-14,
TV-Y7,
TV-14,
TV-MA,
TV-14,
TV-MA,
TV-MA,
TV-MA,
PG-13,
TV-14,
TV-MA,
TV-14,
TV-MA,
TV-MA,
TV-MA,
TV-14,
TV-MA,
TV-Y,
TV-PG,
TV-PG,
TV-PG,
TV-MA,
TV-MA,
TV-Y,
R,
TV-MA,
TV-14,
TV-MA,
TV-MA,
TV-MA,
TV-MA,
TV-Y7,
TV-MA,
TV-MA,
TV-MA,
TV-MA,
R,
TV-G,
R,
TV-MA,
PG-13,
TV-14,
TV-MA,
TV-PG,
TV-MA,
TV-PG,
TV-G,
TV-MA,
TV-MA,
TV-MA,
TV-14,
TV-14,
TV-14,
TV-MA,
R,
PG-13,
PG,
TV-14,
TV-14,
R,
R,
TV-MA,
TV-MA,
TV-MA,
TV-MA,
TV-PG,
TV-14,
TV-MA,
TV-MA,
TV-MA,
TV-MA,
TV-14,
TV-PG,
TV-14,
TV-14,
TV-MA,
TV-Y,
TV-PG,
TV-G,
TV-14,
TV-MA,
TV-MA,
TV-MA,
TV-MA,
TV-MA,
TV-MA,
TV-MA,
TV-MA,
TV-PG,
TV-Y7,
TV-MA,
TV-MA,
TV-MA,
TV-Y7,
TV-Y7,
TV-MA,
TV-MA,
PG-13,
TV-Y7,
TV-14,
TV-Y,
TV-14,
TV-PG,
TV-14,
TV-14,
TV-14,
TV-MA,
TV-14,
TV-MA,
TV-MA,
TV-14,
TV-PG,
TV-14,
TV-MA,
TV-14,
TV-MA,
TV-PG,
TV-MA,
TV-MA,
TV-14,
TV-14,
NC-17,
TV-MA,
TV-MA,
R,
TV-14,
TV-Y,
TV-MA,
TV-MA,
TV-Y,
G,
TV-MA,
TV-14,
TV-MA,
TV-14,
TV-MA,
TV-MA,
TV-MA,
TV-MA,
TV-MA,
TV-MA,
TV-PG,
TV-14,
TV-14,
TV-14,
TV-MA,
TV-PG,
TV-14,
TV-MA,
TV-MA,
TV-MA,
TV-MA,
TV-PG,
TV-14,
TV-PG,
TV-14,
TV-PG,
TV-14,
TV-Y7,
TV-MA,
TV-14,
TV-14,
TV-MA,
TV-MA,
TV-MA,
TV-MA,
TV-14,
TV-MA,
TV-G,
TV-14,
TV-MA,
TV-MA,
TV-14,
TV-MA,
R,
TV-MA,
TV-MA,
TV-Y7,
TV-MA,
PG-13,
TV-MA,
TV-MA,
TV-MA,
TV-MA,
TV-MA,
TV-14,
TV-MA,
TV-MA,
TV-14,
R,
TV-14,
TV-MA,
TV-14,
TV-MA,
TV-14,
TV-14,
TV-14,
TV-Y7,
PG-13,
TV-MA,
TV-MA,
R,
TV-MA,
TV-MA,
TV-14,
TV-14,
TV-14,
TV-14,
TV-MA,
TV-14,
TV-Y,
TV-PG,
TV-MA,
TV-14,
TV-14,
TV-MA,
TV-Y,
TV-MA,
TV-MA,
TV-14,
TV-MA,
TV-MA,
TV-MA,
TV-MA,
TV-14,
TV-MA,
TV-MA,
TV-14,
TV-MA,
TV-MA,
TV-MA,
TV-MA,
TV-Y7,
TV-PG,
TV-MA,
TV-MA,
TV-MA,
TV-Y7,
TV-14,
TV-PG,
TV-14,
TV-14,
TV-MA,
TV-14,
TV-14,
TV-MA,
PG,
TV-14,
TV-PG,
TV-Y,
TV-14,
TV-MA,
TV-MA,
TV-14,
TV-Y,
TV-MA,
TV-14,
TV-PG,
TV-14,
TV-14,
TV-14,
TV-MA,
TV-14,
TV-14,
TV-14,
TV-14,
TV-14,
TV-14,
TV-PG,
TV-14,
TV-MA,
TV-Y7,
TV-MA,
TV-MA,
TV-MA,
TV-14,
TV-MA,
TV-PG,
TV-14,
TV-Y7,
TV-Y7,
TV-MA,
TV-MA,
TV-MA,
TV-PG,
TV-Y7,
TV-PG,
TV-MA,
TV-PG,
TV-MA,
TV-PG,
TV-PG,
TV-14,
TV-PG,
TV-14,
TV-14,
TV-MA,
TV-MA,
TV-14,
TV-MA,
R,
TV-MA,
TV-MA,
TV-MA,
TV-14,
TV-PG,
TV-MA,
TV-14,
TV-PG,
TV-MA,
TV-MA,
TV-MA,
TV-14,
TV-PG,
TV-14,
TV-Y7,
TV-MA,
TV-14,
TV-PG,
TV-14,
TV-14,
TV-14,
TV-14,
TV-PG,
TV-14,
TV-MA,
TV-14,
TV-MA,
TV-14,
TV-14,
TV-MA,
TV-MA,
TV-MA,
TV-14,
TV-MA,
TV-MA,
TV-MA,
TV-MA,
TV-14,
TV-14,
TV-MA,
TV-14,
TV-14,
TV-MA,
PG-13,
TV-Y7,
TV-MA,
TV-MA,
TV-Y7,
TV-MA,
TV-MA,
TV-Y,
TV-MA,
TV-PG,
TV-MA,
TV-MA,
TV-14,
TV-14,
TV-MA,
TV-MA,
TV-PG,
TV-MA,
TV-MA,
TV-MA,
TV-MA,
TV-14,
TV-14,
TV-14,
TV-MA,
TV-MA,
TV-14,
TV-MA,
TV-14,
R,
TV-MA,
TV-MA,
TV-Y7,
TV-MA,
TV-MA,
TV-MA,
TV-Y7,
TV-MA,
TV-MA,
TV-PG,
TV-14,
TV-14,
TV-MA,
TV-14,
TV-14,
TV-MA,
TV-14,
TV-MA,
R,
TV-MA,
TV-14,
TV-MA,
TV-MA,
TV-MA,
74 min,
TV-MA,
TV-MA,
TV-MA,
TV-14,
TV-MA,
TV-14,
TV-MA,
TV-14,
TV-MA,
TV-MA,
TV-MA,
TV-MA,
TV-MA,
TV-MA,
TV-MA,
TV-MA,
TV-Y7,
TV-MA,
TV-14,
TV-MA,
TV-MA,
TV-14,
TV-MA,
TV-14,
TV-Y,
TV-MA,
TV-MA,
TV-PG,
PG,
R,
TV-MA,
TV-PG,
TV-14,
TV-PG,
TV-MA,
TV-MA,
TV-Y7,
TV-MA,
TV-14,
TV-PG,
TV-MA,
TV-14,
TV-MA,
TV-MA,
TV-MA,
TV-14,
TV-MA,
TV-MA,
TV-MA,
TV-Y7,
TV-14,
TV-PG,
TV-14,
TV-MA,
G,
G,
TV-14,
TV-MA,
TV-MA,
TV-14,
TV-MA,
TV-PG,
TV-MA,
TV-MA,
TV-MA,
TV-MA,
TV-14,
TV-14,
TV-MA,
TV-MA,
TV-MA,
TV-MA,
TV-MA,
TV-MA,
TV-PG,
TV-14,
TV-14,
TV-MA,
TV-MA,
TV-Y,
TV-MA,
TV-MA,
TV-14,
TV-MA,
TV-MA,
TV-MA,
TV-MA,
TV-14,
TV-MA,
TV-MA,
TV-MA,
TV-PG,
TV-MA,
TV-MA,
TV-14,
TV-MA,
TV-MA,
TV-14,
TV-Y,
PG-13,
TV-14,
TV-Y7,
TV-MA,
PG,
TV-MA,
TV-MA,
PG,
TV-MA,
TV-14,
TV-MA,
TV-MA,
TV-14,
TV-MA,
TV-14,
TV-MA,
TV-MA,
TV-MA,
TV-Y7,
TV-14,
TV-MA,
TV-MA,
TV-MA,
TV-MA,
TV-PG,
TV-MA,
TV-14,
TV-14,
TV-MA,
TV-14,
TV-14,
TV-14,
TV-14,
TV-PG,
TV-PG,
TV-PG,
TV-MA,
TV-MA,
TV-MA,
TV-MA,
TV-G,
TV-14,
TV-14,
TV-14,
TV-MA,
TV-14,
TV-MA,
TV-14,
TV-MA,
TV-MA,
TV-MA,
TV-G,
TV-14,
TV-MA,
TV-PG,
TV-14,
TV-PG,
TV-14,
TV-PG,
TV-PG,
TV-MA,
TV-MA,
TV-14,
TV-MA,
TV-14,
TV-MA,
TV-14,
TV-MA,
TV-MA,
TV-14,
TV-MA,
TV-MA,
TV-MA,
TV-MA,
TV-MA,
TV-MA,
TV-MA,
TV-MA,
TV-14,
TV-MA,
TV-MA,
TV-MA,
TV-Y7,
TV-MA,
TV-14,
TV-PG,
TV-14,
TV-14,
TV-14,
TV-MA,
TV-14,
TV-14,
TV-MA,
TV-Y,
TV-MA,
G,
TV-14,
TV-PG,
TV-14,
TV-MA,
TV-MA,
TV-MA,
TV-MA,
TV-MA,
TV-MA,
TV-MA,
TV-MA,
TV-PG,
TV-14,
TV-14,
TV-14,
TV-MA,
TV-14,
TV-MA,
TV-MA,
TV-MA,
TV-MA,
TV-MA,
TV-Y,
TV-MA,
TV-Y7,
TV-PG,
TV-14,
TV-MA,
TV-MA,
TV-14,
TV-MA,
TV-14,
TV-Y,
TV-MA,
TV-PG,
TV-MA,
TV-Y7,
TV-MA,
TV-Y7,
TV-14,
TV-14,
TV-MA,
TV-MA,
TV-MA,
TV-14,
TV-MA,
TV-MA,
TV-MA,
TV-Y,
TV-MA,
TV-MA,
TV-MA,
TV-MA,
TV-MA,
TV-MA,
TV-MA,
TV-MA,
84 min,
TV-PG,
TV-14,
TV-PG,
TV-MA,
TV-14,
TV-Y7,
TV-14,
TV-MA,
TV-MA,
TV-14,
TV-MA,
TV-14,
TV-Y7,
TV-14,
TV-MA,
TV-MA,
TV-14,
TV-MA,
66 min,
TV-14,
TV-14,
TV-PG,
TV-14,
TV-14,
TV-MA,
TV-MA,
TV-MA,
TV-14,
TV-G,
TV-MA,
TV-MA,
TV-14,
TV-Y7,
TV-MA,
TV-Y,
TV-MA,
TV-MA,
R,
TV-MA,
TV-14,
TV-MA,
TV-MA,
TV-MA,
TV-Y,
TV-MA,
TV-MA,
PG-13,
TV-MA,
TV-MA,
TV-PG,
TV-PG,
TV-MA,
TV-MA,
TV-MA,
TV-MA,
TV-MA,
TV-MA,
R,
TV-MA,
TV-MA,
TV-Y,
TV-14,
TV-PG,
R,
TV-MA,
TV-14,
TV-PG,
TV-MA,
TV-14,
PG-13,
PG,
TV-14,
TV-Y,
TV-MA,
TV-Y7,
TV-Y,
TV-MA,
TV-MA,
R,
R,
TV-MA,
TV-MA,
TV-Y,
TV-MA,
TV-14,
TV-MA,
TV-14,
TV-PG,
TV-MA,
TV-MA,
TV-MA,
TV-MA,
TV-Y,
TV-MA,
R,
TV-MA,
TV-MA,
TV-MA,
TV-MA,
TV-14,
TV-PG,
TV-14,
TV-PG,
TV-MA,
TV-MA,
TV-MA,
TV-14,
TV-Y7,
R,
TV-MA,
TV-MA,
TV-14,
TV-MA,
TV-Y,
TV-MA,
TV-MA,
TV-MA,
TV-14,
TV-MA,
TV-Y,
TV-MA,
TV-MA,
TV-MA,
TV-14,
TV-MA,
TV-MA,
TV-MA,
TV-MA,
TV-G,
TV-MA,
TV-MA,
TV-MA,
TV-MA,
TV-MA,
TV-14,
TV-PG,
TV-MA,
TV-14,
TV-MA,
TV-PG,
TV-MA,
TV-G,
PG,
TV-MA,
TV-14,
TV-MA,
PG,
TV-14,
TV-MA,
TV-14,
TV-14,
TV-PG,
TV-PG,
TV-PG,
TV-MA,
TV-PG,
TV-14,
TV-14,
TV-PG,
TV-MA,
TV-MA,
TV-MA,
TV-MA,
PG-13,
PG-13,
R,
TV-14,
TV-MA,
TV-14,
TV-14,
R,
TV-14,
TV-PG,
TV-14,
TV-14,
TV-14,
NR,
TV-14,
TV-14,
TV-14,
TV-MA,
TV-MA,
PG-13,
TV-MA,
TV-PG,
TV-14,
PG-13,
TV-MA,
TV-14,
TV-14,
TV-MA,
TV-14,
NR,
R,
,
R,
TV-MA,
PG-13,
PG-13,
TV-MA,
TV-MA,
PG-13,
TV-PG,
TV-14,
R,
R,
TV-14,
TV-MA,
R,
TV-MA,
TV-MA,
PG-13,
TV-MA,
PG-13,
TV-PG,
TV-PG,
TV-14,
R,
TV-14,
TV-MA,
NR,
TV-MA,
R,
PG-13,
R,
TV-14,
R,
TV-MA,
R,
TV-14,
TV-PG,
TV-PG,
R,
TV-14,
PG,
PG,
R,
R,
TV-PG,
R,
TV-14,
R,
TV-14,
TV-MA,
R,
TV-14,
TV-G,
R,
TV-MA,
TV-14,
TV-MA,
R,
PG-13,
TV-14,
PG-13,
TV-MA,
TV-MA,
R,
TV-PG,
NR,
TV-MA,
PG-13,
R,
TV-PG,
PG-13,
R,
PG-13,
PG,
TV-MA,
TV-14,
PG,
TV-MA,
TV-14,
TV-MA,
PG,
TV-MA,
TV-MA,
TV-PG,
TV-14,
TV-14,
TV-14,
TV-PG,
TV-MA,
TV-14,
TV-PG,
TV-Y7,
PG-13,
TV-MA,
TV-MA,
TV-MA,
PG-13,
R,
NR,
R,
TV-14,
TV-14,
R,
TV-14,
NR,
TV-PG,
NR,
TV-MA,
TV-MA,
R,
TV-MA,
TV-MA,
TV-MA,
TV-14,
TV-14,
R,
TV-PG,
TV-14,
TV-14,
TV-MA,
TV-PG,
TV-MA,
PG,
TV-PG,
PG,
TV-14,
R,
G,
TV-MA,
TV-G,
TV-MA,
R,
R,
R,
R,
TV-G,
TV-Y7,
TV-Y,
TV-G,
TV-14,
TV-MA,
TV-14,
TV-14,
TV-14,
TV-MA,
R,
R,
TV-14,
TV-MA,
TV-MA,
TV-PG,
TV-14,
TV-MA,
R,
R,
R,
TV-MA,
TV-14,
R,
TV-MA,
R,
TV-PG,
G,
G,
G,
G,
TV-14,
TV-14,
TV-PG,
TV-MA,
TV-MA,
TV-MA,
TV-14,
R,
R,
PG-13,
TV-MA,
TV-14,
TV-14,
TV-14,
TV-PG,
TV-PG,
PG-13,
TV-MA,
TV-Y7,
TV-PG,
TV-MA,
TV-14,
TV-Y7,
TV-MA,
NR,
PG-13,
PG,
TV-14,
TV-14,
TV-14,
PG-13,
PG,
R,
PG-13,
TV-MA,
NR,
TV-MA,
TV-14,
TV-14,
TV-Y7,
TV-14,
TV-14,
TV-PG,
TV-MA,
R,
PG-13,
TV-MA,
TV-14,
TV-14,
TV-14,
R,
TV-MA,
NR,
NR,
TV-MA,
R,
R,
R,
TV-MA,
TV-MA,
TV-MA,
TV-14,
TV-14,
TV-14,
TV-MA,
G,
G,
G,
TV-MA,
TV-14,
R,
NR,
TV-MA,
TV-MA,
TV-MA,
TV-14,
TV-MA,
TV-14,
TV-MA,
TV-Y,
TV-Y,
TV-Y,
TV-Y,
TV-Y,
TV-Y7,
TV-Y,
TV-Y,
TV-Y,
TV-Y,
PG-13,
TV-14,
TV-PG,
R,
R,
TV-Y,
TV-MA,
PG-13,
TV-14,
TV-PG,
TV-PG,
TV-14,
TV-MA,
PG,
TV-Y,
TV-G,
PG-13,
TV-G,
TV-PG,
TV-14,
TV-14,
TV-MA,
PG-13,
PG-13,
TV-14,
TV-14,
PG-13,
PG,
PG,
TV-14,
TV-MA,
TV-MA,
TV-MA,
TV-MA,
TV-14,
TV-14,
TV-MA,
TV-Y7,
TV-MA,
PG,
TV-G,
TV-14,
R,
TV-14,
TV-PG,
TV-PG,
TV-14,
TV-Y7,
TV-14,
TV-14,
TV-PG,
TV-14,
TV-14,
TV-Y,
TV-14,
TV-MA,
TV-14,
TV-G,
TV-MA,
PG-13,
TV-G,
PG,
R,
TV-MA,
PG,
R,
NR,
R,
TV-PG,
TV-MA,
TV-14,
TV-MA,
R,
TV-14,
TV-MA,
TV-MA,
TV-14,
TV-MA,
R,
TV-14,
TV-PG,
PG-13,
TV-MA,
R,
TV-MA,
PG-13,
PG-13,
R,
R,
PG,
TV-MA,
TV-14,
R,
R,
NC-17,
PG-13,
R,
TV-G,
R,
PG-13,
R,
TV-MA,
TV-MA,
TV-G,
TV-G,
TV-MA,
TV-14,
TV-14,
TV-14,
TV-14,
PG,
TV-14,
TV-MA,
TV-PG,
R,
TV-MA,
TV-PG,
TV-14,
TV-MA,
TV-14,
TV-MA,
TV-MA,
PG,
TV-MA,
TV-G,
TV-MA,
PG,
TV-14,
TV-MA,
TV-PG,
TV-MA,
TV-MA,
R,
PG-13,
TV-14,
R,
TV-MA,
TV-14,
TV-PG,
TV-PG,
TV-PG,
TV-PG,
TV-MA,
TV-G,
TV-MA,
TV-PG,
PG-13,
TV-MA,
TV-MA,
TV-MA,
TV-MA,
TV-14,
R,
R,
TV-PG,
TV-14,
TV-MA,
TV-MA,
TV-MA,
TV-14,
TV-Y,
TV-Y,
TV-Y,
TV-14,
TV-14,
TV-MA,
TV-G,
TV-MA,
R,
TV-14,
PG-13,
R,
TV-MA,
TV-14,
TV-PG,
TV-MA,
TV-Y,
TV-14,
R,
R,
PG-13,
R,
TV-14,
PG-13,
TV-MA,
TV-MA,
TV-MA,
NR,
TV-14,
PG,
TV-PG,
TV-MA,
TV-PG,
PG-13,
TV-PG,
TV-14,
TV-14,
TV-14,
TV-G,
PG,
TV-14,
PG-13,
PG,
PG-13,
G,
TV-PG,
R,
TV-PG,
TV-MA,
TV-PG,
TV-14,
TV-14,
TV-PG,
TV-PG,
R,
TV-14,
TV-MA,
TV-Y7,
TV-Y7,
TV-Y7,
TV-Y7,
TV-14,
G,
TV-MA,
R,
TV-G,
TV-MA,
TV-MA,
NR,
G,
R,
TV-MA,
PG,
TV-MA,
TV-PG,
TV-G,
PG,
PG,
R,
TV-Y7,
TV-14,
TV-PG,
PG-13,
TV-PG,
R,
TV-MA,
TV-14,
TV-MA,
PG-13,
TV-PG,
TV-MA,
TV-PG,
PG,
PG-13,
TV-14,
TV-MA,
R,
R,
R,
PG-13,
TV-MA,
TV-MA,
TV-MA,
TV-MA,
TV-MA,
TV-MA,
PG-13,
PG-13,
TV-PG,
TV-14,
TV-MA,
TV-14,
R,
TV-14,
R,
TV-14,
TV-14,
TV-PG,
TV-MA,
TV-MA,
TV-14,
TV-MA,
R,
TV-MA,
R,
TV-MA,
TV-14,
TV-14,
TV-MA,
TV-14,
PG,
TV-MA,
PG,
TV-14,
TV-MA,
TV-G,
R,
TV-MA,
TV-MA,
PG-13,
R,
R,
TV-14,
TV-MA,
PG,
TV-PG,
PG,
TV-MA,
NR,
TV-14,
TV-MA,
R,
TV-PG,
TV-PG,
TV-MA,
TV-MA,
TV-MA,
TV-MA,
PG-13,
TV-PG,
TV-MA,
R,
R,
TV-MA,
TV-MA,
TV-14,
NR,
TV-MA,
TV-MA,
TV-MA,
TV-PG,
R,
TV-MA,
TV-14,
TV-14,
PG-13,
TV-14,
TV-Y7-FV,
TV-PG,
R,
R,
TV-MA,
TV-MA,
TV-MA,
TV-MA,
TV-14,
R,
NR,
R,
R,
TV-MA,
TV-MA,
TV-14,
R,
TV-14,
TV-MA,
TV-MA,
TV-PG,
TV-PG,
TV-MA,
TV-14,
TV-14,
TV-PG,
TV-PG,
NR,
PG-13,
TV-14,
TV-MA,
PG-13,
TV-G,
TV-14,
TV-MA,
TV-14,
R,
TV-MA,
PG-13,
TV-MA,
TV-PG,
PG,
R,
TV-14,
PG-13,
R,
TV-MA,
TV-MA,
TV-14,
R,
TV-MA,
R,
R,
R,
TV-14,
TV-14,
PG-13,
TV-PG,
PG,
PG,
PG-13,
PG-13,
PG,
PG-13,
TV-Y,
TV-14,
TV-G,
TV-MA,
TV-PG,
TV-PG,
TV-MA,
TV-14,
TV-14,
TV-14,
PG-13,
TV-14,
PG,
TV-Y,
TV-PG,
TV-14,
PG,
PG-13,
TV-MA,
PG-13,
TV-MA,
TV-14,
TV-14,
TV-PG,
TV-MA,
R,
NR,
TV-MA,
TV-MA,
TV-PG,
TV-14,
TV-14,
TV-14,
TV-MA,
TV-PG,
TV-MA,
TV-G,
R,
TV-14,
TV-MA,
TV-PG,
TV-PG,
TV-MA,
TV-PG,
TV-MA,
TV-PG,
TV-14,
PG-13,
TV-MA,
TV-14,
TV-14,
R,
TV-MA,
R,
TV-14,
TV-MA,
R,
PG-13,
R,
TV-MA,
NR,
TV-14,
TV-14,
R,
TV-PG,
PG,
R,
TV-MA,
R,
TV-PG,
PG-13,
R,
TV-14,
TV-14,
R,
TV-MA,
NR,
R,
TV-14,
TV-MA,
TV-MA,
TV-PG,
TV-PG,
TV-14,
TV-MA,
TV-MA,
TV-MA,
TV-G,
TV-14,
TV-14,
R,
TV-MA,
TV-14,
TV-14,
NR,
TV-MA,
TV-MA,
TV-14,
R,
TV-MA,
TV-MA,
G,
NR,
TV-Y7,
TV-PG,
TV-14,
TV-MA,
TV-PG,
R,
R,
R,
TV-14,
TV-MA,
TV-14,
R,
TV-MA,
TV-14,
NR,
TV-14,
TV-14,
R,
TV-G,
PG-13,
TV-14,
TV-MA,
TV-Y7,
TV-MA,
TV-MA,
TV-PG,
TV-14,
PG,
R,
TV-PG,
R,
TV-MA,
TV-MA,
G,
TV-14,
TV-14,
G,
TV-PG,
TV-MA,
TV-MA,
TV-MA,
PG,
PG-13,
TV-MA,
R,
R,
R,
TV-PG,
TV-MA,
PG,
PG,
R,
TV-MA,
TV-MA,
TV-PG,
TV-PG,
R,
R,
TV-14,
TV-14,
R,
PG,
TV-PG,
TV-PG,
TV-PG,
R,
TV-PG,
TV-MA,
TV-MA,
TV-MA,
PG,
TV-MA,
TV-14,
TV-14,
TV-PG,
TV-PG,
TV-MA,
TV-PG,
R,
,
TV-PG,
TV-PG,
TV-MA,
TV-MA,
TV-PG,
TV-PG,
TV-PG,
TV-PG,
TV-MA,
PG,
TV-Y,
R,
PG,
TV-MA,
PG-13,
PG-13,
TV-14,
TV-MA,
TV-MA,
PG-13,
TV-MA,
TV-14,
TV-14,
TV-MA,
TV-14,
G,
PG-13,
TV-14,
NR,
TV-14,
PG,
TV-PG,
NR,
PG,
PG,
TV-MA,
TV-PG,
TV-Y,
PG-13,
TV-MA,
TV-Y,
R,
TV-14,
TV-MA,
R,
TV-14,
R,
R,
TV-MA,
TV-MA,
PG,
R,
R,
TV-MA,
R,
PG,
R,
TV-14,
R,
TV-14,
R,
TV-14,
TV-PG,
TV-MA,
TV-MA,
PG,
TV-PG,
TV-PG,
R,
TV-MA,
TV-MA,
TV-PG,
TV-PG,
TV-14,
TV-G,
TV-MA,
TV-MA,
TV-14,
TV-MA,
TV-14,
TV-14,
PG,
PG-13,
TV-14,
TV-14,
R,
TV-14,
R,
TV-14,
TV-MA,
TV-G,
TV-14,
TV-MA,
NR,
TV-MA,
TV-MA,
TV-MA,
R,
TV-14,
R,
R,
TV-14,
TV-14,
TV-G,
TV-Y7,
TV-PG,
NR,
TV-PG,
TV-PG,
TV-14,
TV-MA,
TV-MA,
TV-MA,
TV-14,
TV-MA,
R,
PG-13,
R,
TV-MA,
TV-MA,
TV-14,
PG-13,
TV-MA,
TV-MA,
PG,
TV-MA,
R,
TV-14,
R,
PG-13,
R,
TV-14,
TV-14,
TV-MA,
TV-MA,
TV-MA,
TV-MA,
TV-Y7,
TV-14,
TV-14,
TV-14,
TV-PG,
TV-PG,
TV-14,
TV-PG,
TV-MA,
TV-MA,
TV-14,
TV-PG,
PG-13,
TV-PG,
TV-14,
TV-PG,
TV-Y,
TV-MA,
TV-MA,
TV-MA,
NR,
TV-14,
TV-MA,
TV-14,
TV-PG,
PG-13,
PG-13,
PG,
TV-14,
PG,
TV-14,
TV-MA,
R,
TV-14,
TV-14,
TV-14,
TV-PG,
R,
NR,
TV-MA,
PG-13,
TV-14,
TV-MA,
PG,
PG-13,
TV-14,
TV-14,
TV-PG,
PG,
PG-13,
R,
NR,
TV-MA,
PG-13,
TV-PG,
TV-14,
PG-13,
TV-G,
TV-PG,
TV-PG,
TV-MA,
R,
R,
TV-14,
TV-Y7,
TV-MA,
TV-MA,
R,
TV-14,
TV-MA,
TV-MA,
PG,
TV-14,
TV-14,
TV-14,
TV-14,
NR,
R,
R,
PG-13,
TV-14,
TV-14,
R,
PG-13,
PG,
TV-MA,
TV-MA,
R,
TV-14,
TV-PG,
PG,
NR,
PG,
UR,
TV-14,
R,
PG-13,
TV-14,
TV-MA,
TV-MA,
R,
TV-MA,
PG,
NR,
TV-PG,
PG-13,
PG-13,
PG,
PG,
TV-MA,
PG,
TV-PG,
R,
PG,
TV-14,
TV-MA,
TV-14,
TV-14,
TV-MA,
PG-13,
TV-MA,
TV-14,
R,
TV-PG,
TV-14,
TV-14,
PG-13,
TV-PG,
TV-MA,
TV-Y7,
TV-14,
TV-14,
PG,
TV-Y7,
TV-14,
TV-PG,
TV-MA,
TV-MA,
PG,
TV-14,
TV-MA,
TV-14,
NR,
TV-Y7,
TV-14,
PG,
TV-MA,
TV-MA,
R,
TV-14,
TV-14,
TV-Y,
TV-14,
TV-14,
TV-14,
TV-G,
R,
TV-MA,
TV-G,
PG-13,
TV-14,
R,
TV-14,
TV-MA,
TV-14,
R,
TV-Y7,
PG,
TV-14,
TV-14,
TV-14,
PG-13,
TV-MA,
TV-MA,
TV-MA,
TV-14,
TV-MA,
TV-MA,
TV-14,
TV-14,
PG,
TV-14,
PG-13,
TV-Y,
PG-13,
R,
PG-13,
PG-13,
TV-14,
G,
TV-MA,
PG-13,
TV-14,
TV-14,
TV-PG,
TV-14,
TV-PG,
TV-MA,
TV-14,
PG,
TV-14,
TV-MA,
TV-14,
TV-14,
TV-14,
PG-13,
TV-PG,
NR,
TV-14,
TV-14,
TV-14,
TV-PG,
TV-PG,
R,
R,
TV-MA,
TV-MA,
TV-14,
TV-14,
TV-14,
TV-14,
TV-14,
TV-14,
TV-PG,
TV-14,
TV-14,
R,
TV-MA,
R,
TV-14,
R,
TV-Y,
R,
R,
TV-MA,
TV-14,
TV-MA,
R,
PG-13,
PG-13,
TV-MA,
R,
NR,
PG-13,
TV-PG,
PG-13,
R,
TV-PG,
R,
TV-14,
TV-14,
TV-14,
TV-MA,
R,
TV-14,
PG-13,
TV-G,
TV-PG,
PG-13,
TV-14,
TV-MA,
TV-Y7,
TV-Y7,
TV-Y,
TV-Y7,
TV-Y7,
TV-Y7,
TV-Y7,
TV-Y7,
R,
TV-Y7,
NR,
R,
TV-MA,
R,
TV-Y7,
TV-PG,
TV-PG,
TV-14,
R,
TV-14,
TV-MA,
TV-PG,
TV-MA,
TV-PG,
TV-MA,
R,
PG-13,
TV-MA,
TV-14,
TV-14,
TV-MA,
TV-PG,
TV-14,
TV-14,
TV-MA,
R,
PG-13,
NC-17,
TV-14,
TV-MA,
TV-14,
TV-14,
TV-14,
TV-MA,
R,
R,
TV-14,
TV-PG,
PG,
TV-Y,
TV-Y,
TV-Y,
TV-Y,
TV-Y,
TV-MA,
PG-13,
PG,
TV-MA,
TV-14,
TV-PG,
R,
TV-G,
TV-Y,
TV-G,
TV-Y7-FV,
TV-Y,
TV-Y7-FV,
TV-MA,
TV-PG,
TV-MA,
TV-14,
TV-PG,
R,
TV-PG,
TV-G,
TV-14,
TV-MA,
TV-14,
TV-PG,
R,
R,
TV-MA,
PG-13,
TV-14,
TV-14,
TV-14,
,
TV-Y7,
TV-Y7,
PG,
PG-13,
TV-Y7-FV,
TV-Y7,
TV-Y7,
NR,
TV-G,
TV-14,
PG-13,
TV-14,
TV-14,
R,
R,
PG-13,
TV-MA,
PG,
TV-Y,
R,
TV-MA,
TV-14,
TV-14,
NR,
TV-14,
TV-MA,
TV-14,
TV-14,
TV-14,
TV-14,
TV-MA,
TV-MA,
TV-MA,
TV-14,
TV-14,
TV-PG,
TV-MA,
TV-MA,
TV-14,
TV-14,
TV-G,
R,
TV-MA,
TV-MA,
TV-14,
TV-PG,
TV-PG,
TV-14,
TV-14,
TV-MA,
TV-14,
TV-PG,
R,
TV-MA,
R,
TV-14,
PG-13,
NR,
TV-MA,
TV-14,
TV-MA,
TV-MA,
TV-Y7,
TV-14,
TV-Y,
TV-14,
TV-PG,
TV-14,
TV-14,
TV-14,
TV-14,
TV-PG,
TV-14,
TV-14,
TV-PG,
TV-PG,
TV-MA,
R,
R,
TV-PG,
TV-MA,
TV-14,
PG-13,
TV-14,
TV-14,
TV-MA,
PG-13,
TV-MA,
TV-14,
TV-MA,
R,
TV-14,
TV-14,
TV-MA,
TV-MA,
TV-14,
TV-PG,
R,
R,
TV-PG,
TV-14,
TV-PG,
PG,
PG,
PG,
TV-14,
TV-14,
NR,
TV-MA,
TV-14,
TV-14,
TV-MA,
TV-14,
TV-PG,
TV-PG,
TV-PG,
TV-MA,
R,
R,
TV-PG,
TV-MA,
TV-14,
TV-G,
TV-PG,
TV-PG,
TV-14,
R,
TV-MA,
TV-14,
PG-13,
PG-13,
TV-MA,
R,
TV-14,
TV-MA,
TV-MA,
TV-PG,
TV-14,
R,
PG,
TV-14,
PG-13,
TV-Y7,
R,
TV-G,
TV-14,
TV-PG,
PG,
PG,
TV-MA,
TV-14,
PG-13,
PG-13,
TV-14,
NR,
TV-MA,
TV-MA,
NR,
TV-14,
TV-MA,
TV-PG,
R,
TV-MA,
TV-MA,
R,
TV-14,
R,
TV-14,
PG-13,
R,
TV-PG,
R,
TV-PG,
PG,
TV-MA,
PG,
TV-Y7,
TV-Y7,
TV-Y7,
TV-Y7,
TV-Y7,
TV-Y7,
TV-Y7,
TV-Y7,
TV-Y7,
TV-Y7,
TV-Y7,
TV-G,
TV-Y7,
TV-Y,
PG-13,
TV-G,
TV-G,
R,
R,
R,
TV-14,
R,
TV-MA,
TV-14,
TV-Y7-FV,
PG,
R,
PG-13,
PG-13,
TV-14,
TV-14,
PG-13,
TV-G,
TV-14,
PG-13,
TV-PG,
PG,
PG,
NR,
TV-MA,
TV-PG,
TV-PG,
TV-PG,
TV-PG,
TV-14,
TV-14,
PG-13,
TV-MA,
,
TV-PG,
PG-13,
TV-14,
TV-Y,
TV-Y,
TV-14,
TV-14,
TV-MA,
PG-13,
TV-MA,
TV-MA,
R,
TV-14,
TV-14,
TV-PG,
PG,
TV-PG,
TV-MA,
TV-PG,
TV-14,
NR,
TV-14,
TV-MA,
TV-MA,
PG-13,
TV-G,
PG,
TV-14,
R,
R,
TV-PG,
TV-G,
TV-G,
TV-PG,
TV-PG,
TV-PG,
TV-PG,
TV-MA,
TV-PG,
R,
TV-PG,
PG,
NR,
PG-13,
TV-14,
TV-MA,
R,
R,
TV-MA,
PG-13,
TV-Y7,
TV-G,
TV-PG,
TV-MA,
PG,
R,
TV-Y7,
TV-PG,
TV-PG,
NR,
TV-14,
TV-G,
TV-G,
TV-PG,
TV-PG,
TV-PG,
TV-G,
TV-14,
TV-G,
TV-PG,
TV-PG,
TV-14,
TV-PG,
TV-PG,
TV-PG,
TV-PG,
TV-G,
TV-PG,
TV-PG,
TV-PG,
TV-G,
PG-13,
PG-13,
TV-MA,
R,
TV-MA,
TV-MA,
TV-PG,
TV-MA,
TV-MA,
TV-MA,
TV-14,
NR,
TV-MA,
TV-MA,
R,
R,
G,
R,
TV-PG,
PG-13,
PG-13,
TV-14,
TV-MA,
R,
TV-MA,
TV-MA,
TV-MA,
TV-Y7-FV,
TV-14,
TV-PG,
TV-Y,
TV-MA,
TV-14,
TV-14,
TV-14,
TV-14,
TV-PG,
TV-MA,
TV-PG,
TV-MA,
PG-13,
TV-PG,
PG,
TV-G,
TV-MA,
TV-MA,
TV-MA,
TV-PG,
R,
TV-MA,
PG,
NR,
TV-14,
TV-MA,
TV-MA,
TV-PG,
TV-PG,
TV-MA,
TV-MA,
TV-MA,
TV-PG,
TV-14,
TV-MA,
TV-PG,
TV-MA,
PG-13,
TV-PG,
TV-MA,
TV-MA,
TV-14,
TV-Y,
PG-13,
TV-14,
NR,
TV-14,
TV-MA,
R,
R,
TV-PG,
TV-Y,
TV-14,
TV-MA,
R,
TV-PG,
TV-MA,
R,
TV-14,
TV-14,
TV-PG,
R,
TV-14,
TV-14,
R,
TV-PG,
TV-14,
R,
TV-MA,
PG,
TV-14,
TV-14,
TV-14,
TV-MA,
TV-PG,
TV-PG,
TV-MA,
PG,
TV-MA,
TV-MA,
TV-MA,
R,
TV-14,
R,
TV-MA,
PG,
TV-MA,
PG,
PG-13,
TV-14,
TV-MA,
TV-14,
TV-14,
TV-PG,
TV-MA,
TV-PG,
TV-14,
TV-MA,
TV-MA,
TV-MA,
TV-G,
TV-PG,
TV-14,
TV-MA,
R,
TV-14,
TV-MA,
PG,
PG,
TV-14,
TV-MA,
TV-MA,
TV-14,
TV-Y7,
TV-Y7,
TV-Y7,
TV-Y7,
TV-Y7,
TV-Y7,
TV-Y7,
TV-Y7,
TV-Y7,
TV-Y7,
TV-Y7,
TV-Y7,
TV-Y7,
TV-Y7,
TV-Y7,
TV-Y7,
TV-Y7,
TV-Y7,
TV-Y7,
TV-Y7,
TV-Y7,
TV-Y7,
TV-Y7,
TV-Y7,
TV-Y7,
TV-Y7,
TV-Y7,
TV-Y7,
TV-Y7,
TV-MA,
TV-14,
TV-14,
NR,
R,
TV-14,
TV-Y,
TV-MA,
TV-MA,
TV-PG,
TV-MA,
TV-MA,
TV-14,
R,
TV-14,
R,
TV-14,
TV-14,
TV-MA,
TV-MA,
PG-13,
TV-MA,
PG-13,
TV-MA,
TV-14,
PG,
TV-14,
PG,
R,
TV-MA,
TV-PG,
R,
TV-14,
NR,
TV-14,
TV-14,
TV-PG,
PG,
TV-14,
TV-14,
TV-PG,
TV-14,
TV-MA,
TV-MA,
TV-14,
NR,
TV-14,
TV-14,
TV-PG,
TV-MA,
PG-13,
TV-14,
TV-MA,
TV-MA,
TV-MA,
PG-13,
TV-14,
TV-PG,
NR,
TV-PG,
TV-MA,
TV-MA,
R,
TV-PG,
R,
PG-13,
PG-13,
TV-14,
R,
TV-MA,
TV-MA,
R,
NR,
TV-MA,
R,
TV-PG,
R,
NR,
TV-MA,
R,
TV-14,
TV-MA,
TV-MA,
TV-14,
TV-MA,
TV-14,
TV-14,
TV-14,
TV-14,
TV-MA,
PG,
PG,
PG,
PG,
PG-13,
R,
TV-MA,
TV-MA,
TV-MA,
TV-14,
R,
TV-MA,
TV-Y7,
TV-14,
TV-PG,
R,
R,
TV-PG,
TV-PG,
TV-MA,
TV-MA,
R,
PG-13,
TV-14,
PG,
TV-14,
TV-14,
TV-14,
PG,
NR,
NR,
TV-14,
TV-MA,
PG-13,
TV-14,
TV-MA,
TV-MA,
TV-14,
TV-14,
TV-PG,
TV-MA,
R,
TV-MA,
TV-14,
TV-PG,
TV-14,
TV-MA,
TV-PG,
TV-14,
PG-13,
TV-Y,
TV-14,
TV-14,
TV-14,
TV-PG,
TV-G,
PG-13,
TV-14,
TV-PG,
TV-14,
TV-14,
TV-14,
TV-MA,
TV-PG,
TV-14,
TV-14,
TV-MA,
TV-MA,
TV-MA,
TV-G,
PG-13,
R,
R,
PG,
TV-14,
TV-PG,
R,
PG-13,
R,
R,
TV-PG,
PG-13,
R,
R,
TV-MA,
PG,
PG-13,
PG-13,
TV-PG,
TV-14,
PG-13,
TV-PG,
TV-PG,
TV-PG,
TV-PG,
TV-PG,
TV-14,
TV-PG,
TV-PG,
TV-PG,
TV-PG,
TV-14,
PG-13,
TV-MA,
TV-MA,
TV-14,
R,
R,
R,
UR,
R,
TV-MA,
TV-MA,
TV-14,
TV-14,
TV-MA,
TV-14,
TV-PG,
TV-14,
PG-13,
TV-14,
TV-PG,
R,
TV-14,
PG-13,
TV-MA,
TV-Y,
TV-Y,
TV-Y,
TV-14,
R,
PG,
TV-MA,
TV-14,
TV-MA,
TV-MA,
TV-Y,
TV-G,
TV-MA,
R,
TV-PG,
TV-MA,
TV-14,
TV-MA,
TV-14,
TV-PG,
PG-13,
TV-MA,
TV-MA,
R,
R,
TV-14,
TV-14,
PG-13,
TV-MA,
TV-G,
PG-13,
R,
PG,
R,
R,
TV-MA,
R,
PG-13,
R,
TV-MA,
PG-13,
R,
TV-14,
TV-MA,
TV-MA,
NR,
PG-13,
PG-13,
R,
TV-MA,
PG-13,
R,
NR,
TV-MA,
PG,
TV-MA,
NR,
TV-Y,
PG,
TV-MA,
PG-13,
TV-14,
PG-13,
PG,
TV-14,
TV-Y,
R,
R,
TV-MA,
PG,
PG,
PG,
TV-MA,
TV-MA,
TV-14,
R,
TV-14,
PG-13,
TV-14,
TV-MA,
TV-MA,
TV-PG,
R,
TV-14,
R,
TV-14,
TV-MA,
TV-PG,
TV-PG,
TV-Y7,
PG-13,
NR,
TV-MA,
TV-PG,
TV-MA,
PG-13,
PG-13,
TV-Y,
PG,
TV-MA,
R,
R,
TV-14,
NR,
TV-PG,
PG,
TV-MA,
NR,
TV-MA,
TV-14,
TV-MA,
TV-MA,
TV-MA,
TV-MA,
TV-MA,
TV-MA,
TV-Y,
TV-Y7,
TV-MA,
TV-PG,
TV-Y,
R,
R,
PG-13,
TV-PG,
PG-13,
TV-14,
TV-MA,
TV-MA,
TV-MA,
TV-G,
TV-PG,
TV-14,
R,
R,
R,
TV-MA,
R,
TV-PG,
TV-PG,
TV-14,
R,
TV-14,
TV-MA,
TV-MA,
TV-MA,
G,
G,
TV-14,
TV-Y7,
TV-14,
TV-PG,
TV-MA,
PG,
PG,
PG,
TV-PG,
TV-Y7,
TV-MA,
TV-MA,
TV-PG,
R,
PG-13,
TV-PG,
TV-MA,
TV-PG,
TV-MA,
TV-Y7,
TV-MA,
TV-14,
TV-MA,
TV-MA,
TV-MA,
TV-14,
R,
TV-PG,
TV-Y7,
TV-Y7,
PG,
PG,
TV-MA,
TV-MA,
PG-13,
R,
TV-G,
PG,
TV-MA,
TV-14,
TV-PG,
TV-MA,
R,
R,
R,
R,
TV-14,
TV-14,
TV-MA,
TV-MA,
TV-14,
TV-MA,
TV-14,
TV-MA,
TV-PG,
TV-14,
TV-PG,
TV-MA,
TV-MA,
R,
R,
TV-G,
TV-14,
TV-MA,
R,
TV-MA,
PG-13,
PG-13,
PG-13,
PG-13,
R,
TV-MA,
PG-13,
PG-13,
TV-14,
PG-13,
PG-13,
TV-MA,
TV-14,
PG-13,
TV-MA,
TV-14,
TV-MA,
R,
PG,
TV-MA,
TV-PG,
TV-MA,
TV-14,
R,
TV-14,
TV-MA,
TV-14,
TV-MA,
PG,
TV-PG,
TV-14,
TV-PG,
R,
TV-14,
PG-13,
TV-MA,
TV-14,
R,
TV-14,
PG,
R,
TV-PG,
R,
TV-PG,
R,
TV-14,
TV-MA,
PG,
TV-MA,
TV-MA,
TV-MA,
TV-MA,
TV-Y7,
R,
TV-14,
TV-14,
TV-PG,
R,
TV-14,
TV-14,
TV-MA,
TV-PG,
TV-MA,
TV-MA,
R,
PG-13,
R,
TV-MA,
TV-PG,
R,
TV-MA,
TV-MA,
R,
R,
TV-MA,
TV-MA,
TV-MA,
R,
TV-14,
R,
TV-14,
TV-MA,
PG,
TV-MA,
R,
PG,
PG,
TV-MA,
PG-13,
TV-MA,
R,
TV-MA,
TV-14,
PG-13,
TV-PG,
R,
TV-Y,
TV-PG,
TV-14,
TV-MA,
TV-MA,
R,
TV-G,
TV-MA,
PG-13,
TV-MA,
R,
TV-14,
TV-14,
TV-14,
TV-14,
TV-MA,
TV-PG,
TV-14,
R,
NR,
PG-13,
TV-MA,
R,
PG-13,
TV-14,
TV-MA,
PG-13,
TV-MA,
TV-MA,
TV-MA,
R,
TV-14,
TV-PG,
TV-14,
TV-PG,
TV-PG,
R,
PG,
TV-PG,
PG-13,
PG-13,
PG-13,
TV-MA,
TV-MA,
TV-G,
PG,
PG,
R,
TV-MA,
TV-MA,
PG-13,
TV-MA,
TV-MA,
TV-MA,
PG-13,
TV-14,
TV-PG,
PG-13,
TV-Y7,
TV-PG,
PG-13,
TV-PG,
R,
TV-MA,
TV-MA,
PG,
PG,
TV-MA,
R,
PG-13,
R,
TV-MA,
TV-PG,
TV-14,
PG,
TV-MA,
TV-14,
TV-14,
R,
PG,
PG,
R,
TV-14,
R,
R,
TV-PG,
R,
PG,
PG-13,
PG-13,
PG-13,
PG-13,
TV-14,
TV-14,
TV-14,
TV-PG,
TV-PG,
TV-14,
PG-13,
R,
R,
R,
TV-14,
TV-MA,
TV-PG,
R,
TV-14,
TV-PG,
TV-G,
TV-MA,
TV-MA,
R,
TV-MA,
TV-MA,
TV-MA,
PG,
TV-MA,
TV-PG,
PG-13,
PG-13,
PG,
TV-14,
TV-MA,
TV-MA,
TV-14,
TV-14,
PG,
TV-14,
R,
TV-PG,
PG-13,
R,
NR,
R,
PG-13,
TV-14,
PG-13,
PG-13,
R,
PG,
G,
R,
PG,
R,
TV-MA,
TV-MA,
G,
TV-14,
TV-MA,
R,
PG,
G,
TV-MA,
TV-14,
PG-13,
TV-MA,
TV-PG,
TV-PG,
PG-13,
TV-14,
TV-PG,
TV-MA,
TV-PG,
TV-MA,
TV-14,
TV-MA,
TV-14,
TV-MA,
TV-MA,
TV-MA,
TV-14,
PG-13,
R,
NR,
PG-13,
TV-14,
TV-MA,
PG-13,
R,
R,
R,
R,
PG-13,
R,
PG-13,
TV-G,
PG,
R,
TV-PG,
TV-MA,
TV-MA,
TV-14,
PG-13,
NR,
TV-14,
TV-MA,
PG-13,
PG-13,
R,
TV-MA,
PG,
TV-MA,
R,
TV-14,
TV-14,
TV-14,
TV-MA,
R,
TV-Y7,
TV-14,
R,
R,
R,
TV-14,
TV-14,
TV-G,
PG-13,
PG-13,
TV-MA,
R,
R,
TV-MA,
R,
TV-14,
TV-MA,
PG-13,
TV-14,
R,
TV-MA,
TV-MA,
TV-14,
TV-MA,
PG-13,
PG-13,
TV-MA,
TV-14,
TV-14,
R,
PG,
PG-13,
TV-PG,
TV-14,
TV-14,
R,
TV-14,
TV-MA,
TV-MA,
TV-PG,
TV-MA,
PG-13,
TV-PG,
TV-14,
TV-PG,
TV-MA,
TV-14,
TV-PG,
TV-14,
PG-13,
TV-14,
TV-14,
TV-14,
TV-PG,
NR,
TV-MA,
TV-MA,
PG-13,
TV-Y7,
NR,
NR,
TV-MA,
TV-14,
TV-MA,
TV-PG,
TV-14,
TV-14,
TV-MA,
TV-14,
TV-14,
TV-14,
G,
TV-14,
TV-Y,
TV-14,
PG-13,
TV-MA,
TV-Y7,
TV-14,
TV-Y7,
PG-13,
TV-14,
TV-MA,
TV-14,
PG-13,
NR,
TV-MA,
PG-13,
TV-MA,
TV-MA,
TV-MA,
R,
PG-13,
PG-13,
R,
R,
TV-G,
TV-PG,
PG-13,
PG-13,
PG,
PG-13,
PG-13,
PG-13,
R,
TV-14,
TV-PG,
TV-MA,
TV-MA,
TV-MA,
TV-MA,
TV-MA,
G,
R,
R,
R,
TV-PG,
TV-14,
PG,
R,
TV-14,
TV-14,
TV-MA,
TV-Y,
TV-14,
TV-MA,
R,
TV-14,
R,
NR,
TV-14,
R,
PG,
TV-MA,
TV-14,
R,
PG-13,
TV-PG,
PG-13,
TV-14,
TV-14,
R,
TV-MA,
TV-14,
R,
R,
TV-G,
PG-13,
TV-14,
TV-14,
TV-14,
NR,
PG-13,
R,
TV-PG,
R,
TV-Y7,
TV-14,
TV-14,
NR,
TV-14,
TV-Y,
TV-MA,
TV-MA,
TV-14,
TV-MA,
R,
TV-14,
R,
TV-PG,
PG-13,
R,
TV-14,
PG-13,
R,
TV-14,
TV-14,
TV-MA,
PG,
TV-G,
R,
TV-14,
TV-MA,
R,
TV-PG,
TV-MA,
TV-MA,
TV-MA,
TV-MA,
TV-PG,
TV-MA,
TV-Y7,
R,
TV-MA,
TV-MA,
TV-MA,
TV-14,
TV-14,
TV-14,
PG-13,
TV-14,
TV-14,
R,
TV-PG,
NR,
TV-14,
PG-13,
R,
R,
TV-MA,
TV-MA,
TV-MA,
R,
TV-14,
TV-14,
TV-MA,
TV-PG,
TV-PG,
TV-PG,
PG-13,
PG-13,
TV-MA,
G,
TV-14,
TV-G,
NR,
TV-MA,
R,
R,
TV-14,
TV-MA,
R,
TV-14,
TV-MA,
PG-13,
TV-PG,
TV-PG,
TV-MA,
TV-14,
TV-MA,
TV-PG,
PG-13,
R,
PG-13,
PG-13,
R,
TV-MA,
TV-14,
TV-14,
TV-14,
TV-PG,
TV-14,
TV-PG,
PG,
TV-PG,
TV-PG,
TV-PG,
TV-Y7,
TV-Y7,
PG-13,
TV-Y,
TV-Y,
TV-Y7,
TV-G,
TV-PG,
TV-MA,
TV-PG,
UR,
R,
NR,
PG,
TV-14,
TV-Y7,
TV-PG,
TV-Y7,
TV-MA,
TV-14,
TV-PG,
TV-MA,
R,
TV-Y7,
R,
PG,
TV-14,
TV-MA,
A,
