type,
Movie,
TV Show,
TV Show,
TV Show,
TV Show,
TV Show,
Movie,
Movie,
TV Show,
Movie,
TV Show,
TV Show,
Movie,
Movie,
TV Show,
TV Show,
Movie,
TV Show,
Movie,
TV Show,
TV Show,
TV Show,
Movie,
Movie,
Movie,
TV Show,
Movie,
Movie,
Movie,
Movie,
Movie,
TV Show,
TV Show,
TV Show,
TV Show,
Movie,
Movie,
TV Show,
Movie,
TV Show,
TV Show,
Movie,
Movie,
Movie,
Movie,
Movie,
Movie,
TV Show,
Movie,
TV Show,
TV Show,
Movie,
Movie,
Movie,
Movie,
TV Show,
Movie,
Movie,
Movie,
Movie,
Movie,
Movie,
Movie,
Movie,
Movie,
TV Show,
TV Show,
TV Show,
Movie,
TV Show,
TV Show,
Movie,
TV Show,
Movie,
TV Show,
Movie,
TV Show,
Movie,
Movie,
Movie,
Movie,
Movie,
TV Show,
TV Show,
Movie,
TV Show,
Movie,
TV Show,
Movie,
TV Show,
Movie,
Movie,
TV Show,
Movie,
Movie,
TV Show,
Movie,
TV Show,
TV Show,
TV Show,
TV Show,
Movie,
TV Show,
Movie,
TV Show,
Movie,
TV Show,
Movie,
TV Show,
TV Show,
TV Show,
TV Show,
Movie,
Movie,
Movie,
Movie,
Movie,
Movie,
Movie,
Movie,
TV Show,
TV Show,
Movie,
TV Show,
TV Show,
TV Show,
Movie,
Movie,
Movie,
Movie,
Movie,
Movie,
TV Show,
Movie,
Movie,
Movie,
Movie,
Movie,
Movie,
Movie,
Movie,
Movie,
Movie,
Movie,
Movie,
Movie,
Movie,
TV Show,
TV Show,
Movie,
Movie,
Movie,
Movie,
TV Show,
TV Show,
Movie,
Movie,
Movie,
Movie,
Movie,
TV Show,
Movie,
Movie,
Movie,
Movie,
TV Show,
Movie,
Movie,
Movie,
Movie,
Movie,
Movie,
Movie,
Movie,
Movie,
Movie,
Movie,
Movie,
Movie,
Movie,
Movie,
TV Show,
Movie,
Movie,
TV Show,
Movie,
TV Show,
TV Show,
Movie,
TV Show,
Movie,
Movie,
Movie,
TV Show,
TV Show,
Movie,
Movie,
TV Show,
TV Show,
Movie,
Movie,
Movie,
Movie,
Movie,
Movie,
Movie,
Movie,
Movie,
Movie,
Movie,
Movie,
Movie,
TV Show,
TV Show,
Movie,
Movie,
Movie,
Movie,
TV Show,
TV Show,
TV Show,
Movie,
TV Show,
TV Show,
TV Show,
TV Show,
TV Show,
Movie,
Movie,
Movie,
Movie,
Movie,
TV Show,
Movie,
TV Show,
Movie,
Movie,
Movie,
Movie,
Movie,
Movie,
TV Show,
TV Show,
TV Show,
Movie,
TV Show,
Movie,
Movie,
TV Show,
Movie,
Movie,
Movie,
Movie,
Movie,
TV Show,
Movie,
Movie,
Movie,
Movie,
Movie,
TV Show,
Movie,
Movie,
TV Show,
Movie,
TV Show,
TV Show,
Movie,
Movie,
TV Show,
Movie,
TV Show,
TV Show,
TV Show,
TV Show,
TV Show,
TV Show,
TV Show,
Movie,
Movie,
TV Show,
Movie,
Movie,
Movie,
Movie,
Movie,
TV Show,
TV Show,
TV Show,
TV Show,
Movie,
TV Show,
Movie,
Movie,
Movie,
Movie,
TV Show,
TV Show,
Movie,
Movie,
Movie,
Movie,
Movie,
Movie,
Movie,
Movie,
Movie,
Movie,
Movie,
TV Show,
TV Show,
TV Show,
TV Show,
TV Show,
Movie,
Movie,
TV Show,
Movie,
Movie,
TV Show,
TV Show,
TV Show,
TV Show,
TV Show,
TV Show,
Movie,
Movie,
Movie,
Movie,
Movie,
Movie,
TV Show,
Movie,
Movie,
Movie,
Movie,
TV Show,
Movie,
TV Show,
Movie,
Movie,
Movie,
Movie,
Movie,
Movie,
Movie,
Movie,
Movie,
Movie,
Movie,
Movie,
Movie,
Movie,
Movie,
Movie,
Movie,
Movie,
Movie,
Movie,
Movie,
Movie,
TV Show,
Movie,
Movie,
TV Show,
Movie,
TV Show,
Movie,
TV Show,
TV Show,
TV Show,
Movie,
Movie,
Movie,
Movie,
Movie,
TV Show,
Movie,
Movie,
TV Show,
TV Show,
TV Show,
TV Show,
Movie,
Movie,
TV Show,
TV Show,
Movie,
TV Show,
Movie,
TV Show,
TV Show,
Movie,
Movie,
Movie,
Movie,
Movie,
TV Show,
Movie,
TV Show,
TV Show,
TV Show,
Movie,
TV Show,
Movie,
Movie,
Movie,
Movie,
Movie,
Movie,
Movie,
Movie,
Movie,
Movie,
Movie,
Movie,
Movie,
Movie,
Movie,
Movie,
Movie,
Movie,
Movie,
Movie,
Movie,
TV Show,
Movie,
Movie,
Movie,
Movie,
TV Show,
TV Show,
Movie,
Movie,
TV Show,
TV Show,
Movie,
Movie,
Movie,
Movie,
TV Show,
Movie,
TV Show,
Movie,
TV Show,
Movie,
Movie,
Movie,
Movie,
Movie,
Movie,
Movie,
Movie,
TV Show,
Movie,
Movie,
TV Show,
Movie,
Movie,
TV Show,
Movie,
Movie,
Movie,
Movie,
Movie,
TV Show,
TV Show,
Movie,
Movie,
Movie,
Movie,
Movie,
TV Show,
Movie,
Movie,
Movie,
Movie,
TV Show,
TV Show,
Movie,
Movie,
Movie,
TV Show,
Movie,
Movie,
Movie,
Movie,
TV Show,
TV Show,
Movie,
TV Show,
Movie,
Movie,
TV Show,
Movie,
Movie,
Movie,
TV Show,
Movie,
TV Show,
Movie,
Movie,
Movie,
TV Show,
TV Show,
Movie,
Movie,
Movie,
Movie,
TV Show,
TV Show,
TV Show,
TV Show,
TV Show,
TV Show,
TV Show,
TV Show,
TV Show,
Movie,
TV Show,
TV Show,
TV Show,
TV Show,
TV Show,
TV Show,
TV Show,
TV Show,
TV Show,
Movie,
Movie,
TV Show,
Movie,
TV Show,
TV Show,
Movie,
TV Show,
TV Show,
TV Show,
TV Show,
TV Show,
TV Show,
Movie,
Movie,
TV Show,
TV Show,
TV Show,
TV Show,
TV Show,
TV Show,
TV Show,
Movie,
Movie,
Movie,
TV Show,
Movie,
Movie,
Movie,
Movie,
Movie,
Movie,
Movie,
Movie,
Movie,
Movie,
Movie,
TV Show,
Movie,
Movie,
Movie,
Movie,
Movie,
TV Show,
Movie,
Movie,
Movie,
Movie,
Movie,
TV Show,
Movie,
Movie,
Movie,
Movie,
Movie,
Movie,
Movie,
Movie,
Movie,
TV Show,
TV Show,
Movie,
TV Show,
Movie,
Movie,
Movie,
Movie,
Movie,
Movie,
Movie,
Movie,
Movie,
Movie,
Movie,
Movie,
Movie,
Movie,
Movie,
Movie,
Movie,
Movie,
Movie,
Movie,
Movie,
Movie,
Movie,
Movie,
Movie,
Movie,
TV Show,
Movie,
Movie,
TV Show,
TV Show,
Movie,
Movie,
Movie,
TV Show,
TV Show,
TV Show,
TV Show,
Movie,
Movie,
TV Show,
Movie,
Movie,
Movie,
Movie,
Movie,
TV Show,
TV Show,
TV Show,
TV Show,
Movie,
TV Show,
Movie,
Movie,
Movie,
Movie,
TV Show,
TV Show,
Movie,
Movie,
Movie,
Movie,
TV Show,
Movie,
Movie,
Movie,
TV Show,
TV Show,
TV Show,
TV Show,
TV Show,
TV Show,
TV Show,
TV Show,
TV Show,
TV Show,
TV Show,
TV Show,
TV Show,
Movie,
Movie,
Movie,
TV Show,
TV Show,
TV Show,
TV Show,
TV Show,
TV Show,
TV Show,
TV Show,
TV Show,
TV Show,
Movie,
TV Show,
Movie,
TV Show,
Movie,
Movie,
Movie,
Movie,
TV Show,
TV Show,
Movie,
Movie,
Movie,
TV Show,
TV Show,
Movie,
TV Show,
TV Show,
Movie,
Movie,
TV Show,
Movie,
Movie,
TV Show,
TV Show,
Movie,
TV Show,
TV Show,
Movie,
Movie,
TV Show,
TV Show,
TV Show,
Movie,
Movie,
Movie,
TV Show,
TV Show,
Movie,
Movie,
TV Show,
Movie,
TV Show,
TV Show,
Movie,
Movie,
Movie,
Movie,
TV Show,
Movie,
TV Show,
TV Show,
Movie,
Movie,
TV Show,
Movie,
Movie,
Movie,
Movie,
Movie,
Movie,
TV Show,
Movie,
Movie,
Movie,
TV Show,
TV Show,
Movie,
TV Show,
Movie,
TV Show,
Movie,
Movie,
Movie,
Movie,
TV Show,
Movie,
Movie,
TV Show,
Movie,
TV Show,
Movie,
Movie,
Movie,
TV Show,
Movie,
Movie,
Movie,
TV Show,
TV Show,
Movie,
Movie,
Movie,
Movie,
Movie,
TV Show,
Movie,
TV Show,
Movie,
Movie,
Movie,
Movie,
TV Show,
Movie,
Movie,
Movie,
TV Show,
Movie,
Movie,
Movie,
Movie,
Movie,
TV Show,
Movie,
Movie,
Movie,
Movie,
Movie,
Movie,
Movie,
TV Show,
Movie,
TV Show,
Movie,
Movie,
Movie,
Movie,
Movie,
Movie,
Movie,
TV Show,
Movie,
Movie,
Movie,
Movie,
Movie,
Movie,
TV Show,
Movie,
Movie,
Movie,
Movie,
TV Show,
Movie,
Movie,
Movie,
Movie,
TV Show,
TV Show,
TV Show,
TV Show,
Movie,
TV Show,
Movie,
TV Show,
Movie,
Movie,
Movie,
Movie,
TV Show,
TV Show,
Movie,
Movie,
Movie,
TV Show,
TV Show,
Movie,
Movie,
Movie,
Movie,
Movie,
Movie,
TV Show,
Movie,
TV Show,
Movie,
Movie,
Movie,
Movie,
TV Show,
Movie,
Movie,
Movie,
Movie,
Movie,
TV Show,
TV Show,
Movie,
Movie,
Movie,
Movie,
TV Show,
Movie,
TV Show,
Movie,
Movie,
TV Show,
TV Show,
Movie,
Movie,
TV Show,
TV Show,
Movie,
TV Show,
Movie,
Movie,
Movie,
TV Show,
Movie,
Movie,
Movie,
Movie,
Movie,
TV Show,
TV Show,
Movie,
Movie,
TV Show,
Movie,
TV Show,
Movie,
Movie,
Movie,
Movie,
Movie,
TV Show,
Movie,
Movie,
TV Show,
Movie,
Movie,
Movie,
Movie,
Movie,
Movie,
TV Show,
TV Show,
TV Show,
TV Show,
Movie,
TV Show,
Movie,
TV Show,
Movie,
TV Show,
Movie,
Movie,
Movie,
Movie,
Movie,
Movie,
Movie,
Movie,
TV Show,
Movie,
Movie,
Movie,
Movie,
Movie,
Movie,
Movie,
Movie,
Movie,
Movie,
Movie,
Movie,
Movie,
Movie,
Movie,
Movie,
Movie,
Movie,
Movie,
Movie,
TV Show,
Movie,
Movie,
TV Show,
Movie,
Movie,
TV Show,
Movie,
TV Show,
Movie,
TV Show,
TV Show,
Movie,
Movie,
Movie,
TV Show,
Movie,
Movie,
Movie,
Movie,
Movie,
Movie,
Movie,
Movie,
Movie,
Movie,
Movie,
Movie,
Movie,
Movie,
Movie,
TV Show,
Movie,
Movie,
Movie,
Movie,
TV Show,
Movie,
Movie,
Movie,
TV Show,
Movie,
Movie,
Movie,
Movie,
Movie,
TV Show,
TV Show,
Movie,
Movie,
Movie,
Movie,
Movie,
Movie,
Movie,
TV Show,
Movie,
TV Show,
Movie,
Movie,
Movie,
Movie,
Movie,
Movie,
Movie,
Movie,
Movie,
Movie,
TV Show,
Movie,
Movie,
Movie,
Movie,
Movie,
Movie,
TV Show,
Movie,
Movie,
Movie,
Movie,
Movie,
TV Show,
Movie,
TV Show,
Movie,
TV Show,
TV Show,
TV Show,
TV Show,
Movie,
TV Show,
TV Show,
TV Show,
Movie,
TV Show,
Movie,
Movie,
Movie,
Movie,
TV Show,
TV Show,
TV Show,
TV Show,
TV Show,
TV Show,
TV Show,
TV Show,
TV Show,
TV Show,
Movie,
TV Show,
TV Show,
Movie,
Movie,
Movie,
Movie,
Movie,
Movie,
TV Show,
Movie,
Movie,
Movie,
TV Show,
Movie,
TV Show,
TV Show,
Movie,
TV Show,
Movie,
Movie,
Movie,
Movie,
Movie,
Movie,
TV Show,
Movie,
TV Show,
TV Show,
TV Show,
Movie,
Movie,
Movie,
Movie,
Movie,
Movie,
Movie,
Movie,
Movie,
Movie,
Movie,
Movie,
Movie,
Movie,
Movie,
Movie,
Movie,
Movie,
Movie,
Movie,
TV Show,
Movie,
Movie,
Movie,
Movie,
Movie,
Movie,
TV Show,
Movie,
TV Show,
Movie,
TV Show,
Movie,
TV Show,
Movie,
Movie,
Movie,
Movie,
Movie,
Movie,
Movie,
Movie,
Movie,
Movie,
Movie,
Movie,
Movie,
TV Show,
Movie,
Movie,
TV Show,
Movie,
TV Show,
TV Show,
Movie,
Movie,
TV Show,
Movie,
Movie,
Movie,
Movie,
Movie,
TV Show,
Movie,
Movie,
Movie,
Movie,
TV Show,
Movie,
Movie,
TV Show,
Movie,
TV Show,
TV Show,
Movie,
Movie,
Movie,
TV Show,
TV Show,
Movie,
Movie,
Movie,
Movie,
TV Show,
TV Show,
TV Show,
TV Show,
Movie,
Movie,
Movie,
TV Show,
Movie,
Movie,
Movie,
Movie,
Movie,
Movie,
Movie,
Movie,
Movie,
TV Show,
Movie,
Movie,
Movie,
TV Show,
TV Show,
Movie,
Movie,
Movie,
TV Show,
TV Show,
Movie,
Movie,
Movie,
TV Show,
Movie,
Movie,
TV Show,
Movie,
Movie,
Movie,
TV Show,
Movie,
Movie,
Movie,
Movie,
Movie,
TV Show,
TV Show,
TV Show,
TV Show,
TV Show,
Movie,
TV Show,
Movie,
TV Show,
Movie,
Movie,
TV Show,
TV Show,
Movie,
Movie,
TV Show,
Movie,
Movie,
Movie,
TV Show,
Movie,
Movie,
TV Show,
TV Show,
Movie,
Movie,
Movie,
Movie,
Movie,
Movie,
Movie,
Movie,
Movie,
Movie,
TV Show,
Movie,
Movie,
Movie,
Movie,
Movie,
Movie,
Movie,
Movie,
Movie,
Movie,
TV Show,
Movie,
TV Show,
TV Show,
TV Show,
Movie,
TV Show,
TV Show,
Movie,
TV Show,
Movie,
Movie,
Movie,
Movie,
TV Show,
Movie,
Movie,
TV Show,
Movie,
Movie,
Movie,
Movie,
Movie,
Movie,
Movie,
TV Show,
TV Show,
Movie,
TV Show,
Movie,
TV Show,
TV Show,
TV Show,
TV Show,
TV Show,
Movie,
Movie,
Movie,
TV Show,
Movie,
TV Show,
Movie,
TV Show,
Movie,
Movie,
TV Show,
TV Show,
Movie,
Movie,
TV Show,
Movie,
Movie,
TV Show,
TV Show,
Movie,
Movie,
Movie,
Movie,
Movie,
Movie,
TV Show,
Movie,
Movie,
TV Show,
TV Show,
Movie,
Movie,
TV Show,
Movie,
Movie,
TV Show,
TV Show,
Movie,
Movie,
Movie,
Movie,
Movie,
Movie,
Movie,
Movie,
TV Show,
TV Show,
TV Show,
Movie,
TV Show,
Movie,
TV Show,
TV Show,
TV Show,
Movie,
Movie,
Movie,
TV Show,
TV Show,
TV Show,
TV Show,
Movie,
TV Show,
Movie,
Movie,
Movie,
Movie,
Movie,
TV Show,
Movie,
TV Show,
Movie,
TV Show,
Movie,
TV Show,
Movie,
Movie,
TV Show,
Movie,
Movie,
TV Show,
TV Show,
TV Show,
Movie,
Movie,
Movie,
Movie,
Movie,
Movie,
TV Show,
Movie,
TV Show,
TV Show,
Movie,
Movie,
Movie,
Movie,
TV Show,
TV Show,
TV Show,
Movie,
TV Show,
Movie,
Movie,
Movie,
TV Show,
Movie,
Movie,
Movie,
Movie,
Movie,
Movie,
Movie,
TV Show,
Movie,
Movie,
TV Show,
Movie,
Movie,
Movie,
Movie,
Movie,
Movie,
Movie,
TV Show,
Movie,
TV Show,
TV Show,
Movie,
TV Show,
Movie,
Movie,
Movie,
Movie,
TV Show,
Movie,
TV Show,
TV Show,
Movie,
TV Show,
TV Show,
Movie,
Movie,
Movie,
Movie,
TV Show,
TV Show,
Movie,
Movie,
Movie,
Movie,
Movie,
TV Show,
Movie,
TV Show,
Movie,
Movie,
TV Show,
Movie,
TV Show,
TV Show,
Movie,
TV Show,
Movie,
Movie,
Movie,
Movie,
Movie,
Movie,
Movie,
TV Show,
Movie,
Movie,
TV Show,
TV Show,
TV Show,
TV Show,
TV Show,
Movie,
TV Show,
TV Show,
Movie,
Movie,
Movie,
TV Show,
Movie,
TV Show,
Movie,
Movie,
TV Show,
Movie,
Movie,
Movie,
Movie,
Movie,
Movie,
Movie,
Movie,
Movie,
Movie,
TV Show,
Movie,
TV Show,
TV Show,
Movie,
TV Show,
Movie,
Movie,
Movie,
Movie,
Movie,
TV Show,
Movie,
TV Show,
Movie,
Movie,
Movie,
TV Show,
Movie,
Movie,
Movie,
Movie,
Movie,
Movie,
TV Show,
TV Show,
Movie,
TV Show,
Movie,
TV Show,
TV Show,
Movie,
TV Show,
Movie,
Movie,
TV Show,
TV Show,
Movie,
TV Show,
Movie,
TV Show,
Movie,
TV Show,
TV Show,
TV Show,
TV Show,
Movie,
Movie,
TV Show,
TV Show,
Movie,
TV Show,
TV Show,
Movie,
Movie,
Movie,
TV Show,
Movie,
Movie,
TV Show,
Movie,
TV Show,
Movie,
Movie,
Movie,
Movie,
TV Show,
TV Show,
Movie,
TV Show,
TV Show,
TV Show,
Movie,
Movie,
Movie,
TV Show,
TV Show,
Movie,
Movie,
Movie,
TV Show,
Movie,
TV Show,
TV Show,
TV Show,
Movie,
TV Show,
TV Show,
Movie,
Movie,
TV Show,
Movie,
Movie,
TV Show,
Movie,
Movie,
Movie,
Movie,
Movie,
Movie,
TV Show,
Movie,
TV Show,
Movie,
Movie,
Movie,
Movie,
Movie,
TV Show,
Movie,
Movie,
TV Show,
TV Show,
Movie,
Movie,
TV Show,
TV Show,
Movie,
Movie,
TV Show,
TV Show,
Movie,
TV Show,
Movie,
TV Show,
TV Show,
Movie,
Movie,
Movie,
Movie,
Movie,
TV Show,
Movie,
Movie,
Movie,
TV Show,
TV Show,
TV Show,
TV Show,
Movie,
Movie,
Movie,
Movie,
Movie,
Movie,
Movie,
TV Show,
Movie,
Movie,
Movie,
Movie,
TV Show,
Movie,
Movie,
Movie,
TV Show,
Movie,
Movie,
TV Show,
Movie,
Movie,
Movie,
Movie,
Movie,
TV Show,
TV Show,
Movie,
TV Show,
Movie,
TV Show,
Movie,
Movie,
Movie,
Movie,
Movie,
Movie,
Movie,
Movie,
Movie,
Movie,
Movie,
TV Show,
Movie,
Movie,
TV Show,
TV Show,
Movie,
Movie,
Movie,
TV Show,
TV Show,
Movie,
Movie,
TV Show,
TV Show,
TV Show,
Movie,
Movie,
TV Show,
Movie,
Movie,
Movie,
Movie,
TV Show,
Movie,
TV Show,
Movie,
Movie,
TV Show,
Movie,
Movie,
Movie,
TV Show,
TV Show,
TV Show,
TV Show,
Movie,
Movie,
TV Show,
TV Show,
TV Show,
TV Show,
Movie,
TV Show,
Movie,
Movie,
Movie,
TV Show,
Movie,
Movie,
TV Show,
Movie,
Movie,
Movie,
TV Show,
Movie,
Movie,
TV Show,
Movie,
Movie,
Movie,
Movie,
Movie,
TV Show,
Movie,
TV Show,
Movie,
TV Show,
Movie,
Movie,
Movie,
TV Show,
TV Show,
TV Show,
TV Show,
TV Show,
TV Show,
TV Show,
Movie,
Movie,
Movie,
Movie,
TV Show,
TV Show,
Movie,
Movie,
TV Show,
Movie,
TV Show,
Movie,
TV Show,
Movie,
Movie,
Movie,
Movie,
TV Show,
TV Show,
Movie,
TV Show,
TV Show,
Movie,
Movie,
Movie,
Movie,
Movie,
Movie,
Movie,
TV Show,
TV Show,
Movie,
Movie,
TV Show,
Movie,
Movie,
Movie,
Movie,
TV Show,
TV Show,
Movie,
Movie,
TV Show,
TV Show,
Movie,
Movie,
Movie,
Movie,
Movie,
Movie,
Movie,
Movie,
TV Show,
Movie,
Movie,
Movie,
Movie,
Movie,
Movie,
Movie,
Movie,
Movie,
Movie,
Movie,
Movie,
Movie,
Movie,
TV Show,
Movie,
Movie,
Movie,
Movie,
Movie,
TV Show,
Movie,
Movie,
TV Show,
Movie,
TV Show,
TV Show,
TV Show,
Movie,
Movie,
Movie,
Movie,
Movie,
TV Show,
TV Show,
Movie,
Movie,
TV Show,
TV Show,
Movie,
TV Show,
Movie,
Movie,
Movie,
Movie,
Movie,
TV Show,
Movie,
Movie,
Movie,
TV Show,
Movie,
Movie,
Movie,
TV Show,
Movie,
Movie,
Movie,
Movie,
TV Show,
Movie,
TV Show,
Movie,
TV Show,
TV Show,
Movie,
TV Show,
Movie,
Movie,
Movie,
Movie,
TV Show,
Movie,
Movie,
Movie,
TV Show,
TV Show,
Movie,
Movie,
TV Show,
TV Show,
TV Show,
Movie,
Movie,
Movie,
Movie,
Movie,
Movie,
Movie,
Movie,
Movie,
Movie,
TV Show,
TV Show,
TV Show,
Movie,
TV Show,
Movie,
Movie,
Movie,
TV Show,
TV Show,
Movie,
TV Show,
TV Show,
Movie,
Movie,
Movie,
TV Show,
TV Show,
Movie,
TV Show,
Movie,
Movie,
TV Show,
TV Show,
Movie,
Movie,
Movie,
TV Show,
Movie,
Movie,
Movie,
Movie,
Movie,
Movie,
Movie,
Movie,
Movie,
Movie,
Movie,
Movie,
Movie,
TV Show,
TV Show,
TV Show,
Movie,
TV Show,
TV Show,
Movie,
TV Show,
TV Show,
Movie,
Movie,
TV Show,
Movie,
Movie,
TV Show,
Movie,
Movie,
Movie,
Movie,
Movie,
Movie,
Movie,
Movie,
Movie,
Movie,
Movie,
TV Show,
Movie,
Movie,
Movie,
Movie,
TV Show,
TV Show,
TV Show,
Movie,
Movie,
TV Show,
Movie,
Movie,
Movie,
Movie,
TV Show,
TV Show,
TV Show,
TV Show,
Movie,
TV Show,
TV Show,
Movie,
Movie,
Movie,
TV Show,
Movie,
Movie,
Movie,
TV Show,
Movie,
Movie,
Movie,
TV Show,
Movie,
TV Show,
TV Show,
Movie,
Movie,
TV Show,
TV Show,
Movie,
Movie,
Movie,
Movie,
Movie,
Movie,
Movie,
TV Show,
TV Show,
Movie,
Movie,
Movie,
Movie,
Movie,
Movie,
Movie,
Movie,
Movie,
TV Show,
TV Show,
Movie,
Movie,
Movie,
TV Show,
Movie,
Movie,
TV Show,
Movie,
TV Show,
Movie,
TV Show,
Movie,
Movie,
TV Show,
Movie,
Movie,
Movie,
Movie,
Movie,
TV Show,
TV Show,
Movie,
Movie,
Movie,
TV Show,
Movie,
Movie,
Movie,
TV Show,
TV Show,
TV Show,
Movie,
TV Show,
Movie,
TV Show,
TV Show,
TV Show,
Movie,
Movie,
TV Show,
Movie,
Movie,
Movie,
Movie,
TV Show,
Movie,
TV Show,
Movie,
Movie,
Movie,
Movie,
TV Show,
TV Show,
Movie,
Movie,
TV Show,
Movie,
Movie,
Movie,
TV Show,
Movie,
Movie,
TV Show,
Movie,
TV Show,
TV Show,
Movie,
TV Show,
TV Show,
Movie,
Movie,
TV Show,
TV Show,
Movie,
TV Show,
Movie,
Movie,
Movie,
TV Show,
TV Show,
Movie,
Movie,
Movie,
Movie,
TV Show,
Movie,
Movie,
Movie,
TV Show,
TV Show,
TV Show,
TV Show,
Movie,
TV Show,
Movie,
Movie,
Movie,
Movie,
Movie,
TV Show,
TV Show,
TV Show,
TV Show,
Movie,
Movie,
Movie,
TV Show,
Movie,
Movie,
Movie,
TV Show,
TV Show,
Movie,
Movie,
TV Show,
Movie,
Movie,
TV Show,
TV Show,
TV Show,
Movie,
Movie,
TV Show,
TV Show,
TV Show,
Movie,
TV Show,
Movie,
TV Show,
Movie,
Movie,
TV Show,
Movie,
Movie,
TV Show,
Movie,
TV Show,
Movie,
Movie,
TV Show,
TV Show,
TV Show,
Movie,
Movie,
TV Show,
Movie,
TV Show,
TV Show,
Movie,
Movie,
TV Show,
Movie,
Movie,
Movie,
Movie,
TV Show,
TV Show,
Movie,
TV Show,
Movie,
TV Show,
Movie,
Movie,
Movie,
Movie,
Movie,
Movie,
TV Show,
Movie,
TV Show,
Movie,
Movie,
Movie,
Movie,
Movie,
Movie,
Movie,
Movie,
TV Show,
Movie,
TV Show,
Movie,
Movie,
TV Show,
TV Show,
Movie,
Movie,
Movie,
TV Show,
TV Show,
Movie,
TV Show,
TV Show,
TV Show,
Movie,
TV Show,
TV Show,
Movie,
Movie,
Movie,
Movie,
TV Show,
Movie,
TV Show,
TV Show,
Movie,
Movie,
TV Show,
Movie,
Movie,
Movie,
TV Show,
TV Show,
Movie,
Movie,
TV Show,
Movie,
TV Show,
Movie,
TV Show,
TV Show,
TV Show,
Movie,
Movie,
TV Show,
Movie,
Movie,
Movie,
Movie,
Movie,
Movie,
Movie,
Movie,
Movie,
Movie,
Movie,
Movie,
Movie,
Movie,
Movie,
Movie,
TV Show,
Movie,
Movie,
Movie,
Movie,
Movie,
Movie,
Movie,
Movie,
Movie,
Movie,
Movie,
Movie,
Movie,
Movie,
Movie,
Movie,
TV Show,
TV Show,
Movie,
Movie,
Movie,
TV Show,
TV Show,
TV Show,
Movie,
TV Show,
Movie,
TV Show,
Movie,
TV Show,
TV Show,
TV Show,
Movie,
Movie,
Movie,
Movie,
Movie,
TV Show,
Movie,
Movie,
Movie,
Movie,
TV Show,
Movie,
TV Show,
Movie,
TV Show,
Movie,
Movie,
Movie,
Movie,
TV Show,
Movie,
TV Show,
Movie,
TV Show,
Movie,
Movie,
Movie,
Movie,
Movie,
TV Show,
Movie,
Movie,
Movie,
Movie,
Movie,
TV Show,
Movie,
Movie,
TV Show,
Movie,
Movie,
TV Show,
Movie,
Movie,
TV Show,
Movie,
Movie,
Movie,
Movie,
TV Show,
Movie,
TV Show,
Movie,
Movie,
TV Show,
Movie,
Movie,
Movie,
Movie,
Movie,
Movie,
Movie,
Movie,
Movie,
Movie,
Movie,
Movie,
Movie,
Movie,
Movie,
TV Show,
Movie,
Movie,
Movie,
Movie,
TV Show,
Movie,
Movie,
Movie,
Movie,
TV Show,
Movie,
TV Show,
Movie,
Movie,
Movie,
TV Show,
TV Show,
TV Show,
Movie,
Movie,
TV Show,
TV Show,
TV Show,
Movie,
Movie,
TV Show,
TV Show,
TV Show,
Movie,
TV Show,
TV Show,
Movie,
Movie,
Movie,
Movie,
Movie,
TV Show,
Movie,
TV Show,
Movie,
Movie,
Movie,
Movie,
TV Show,
TV Show,
Movie,
Movie,
TV Show,
Movie,
Movie,
Movie,
Movie,
Movie,
TV Show,
Movie,
Movie,
Movie,
Movie,
Movie,
Movie,
Movie,
Movie,
Movie,
Movie,
Movie,
TV Show,
Movie,
Movie,
TV Show,
Movie,
TV Show,
TV Show,
Movie,
TV Show,
TV Show,
Movie,
Movie,
Movie,
Movie,
Movie,
TV Show,
Movie,
TV Show,
TV Show,
Movie,
Movie,
Movie,
TV Show,
Movie,
Movie,
Movie,
TV Show,
Movie,
TV Show,
TV Show,
Movie,
Movie,
TV Show,
Movie,
Movie,
Movie,
TV Show,
Movie,
Movie,
Movie,
Movie,
Movie,
TV Show,
Movie,
Movie,
Movie,
Movie,
Movie,
Movie,
Movie,
Movie,
TV Show,
Movie,
Movie,
Movie,
TV Show,
Movie,
Movie,
Movie,
Movie,
Movie,
Movie,
Movie,
TV Show,
TV Show,
Movie,
Movie,
Movie,
Movie,
Movie,
TV Show,
TV Show,
Movie,
TV Show,
TV Show,
TV Show,
Movie,
Movie,
TV Show,
TV Show,
TV Show,
TV Show,
TV Show,
TV Show,
TV Show,
TV Show,
TV Show,
Movie,
Movie,
Movie,
Movie,
Movie,
Movie,
Movie,
Movie,
Movie,
Movie,
Movie,
TV Show,
Movie,
Movie,
Movie,
TV Show,
Movie,
TV Show,
Movie,
Movie,
TV Show,
TV Show,
TV Show,
TV Show,
Movie,
Movie,
TV Show,
Movie,
Movie,
Movie,
Movie,
Movie,
Movie,
Movie,
TV Show,
Movie,
Movie,
TV Show,
TV Show,
Movie,
Movie,
Movie,
Movie,
TV Show,
TV Show,
Movie,
Movie,
Movie,
Movie,
TV Show,
Movie,
Movie,
TV Show,
Movie,
TV Show,
TV Show,
Movie,
TV Show,
Movie,
TV Show,
Movie,
Movie,
Movie,
Movie,
Movie,
Movie,
Movie,
TV Show,
TV Show,
TV Show,
Movie,
TV Show,
TV Show,
Movie,
Movie,
TV Show,
Movie,
Movie,
TV Show,
Movie,
TV Show,
Movie,
Movie,
Movie,
Movie,
Movie,
Movie,
Movie,
Movie,
Movie,
Movie,
Movie,
Movie,
Movie,
Movie,
Movie,
TV Show,
TV Show,
Movie,
Movie,
TV Show,
Movie,
Movie,
Movie,
Movie,
Movie,
Movie,
Movie,
TV Show,
TV Show,
TV Show,
Movie,
TV Show,
Movie,
TV Show,
Movie,
Movie,
TV Show,
Movie,
Movie,
TV Show,
Movie,
Movie,
Movie,
Movie,
Movie,
TV Show,
TV Show,
TV Show,
TV Show,
TV Show,
TV Show,
Movie,
TV Show,
TV Show,
TV Show,
Movie,
Movie,
TV Show,
TV Show,
Movie,
Movie,
Movie,
Movie,
TV Show,
TV Show,
Movie,
Movie,
Movie,
Movie,
Movie,
Movie,
Movie,
TV Show,
Movie,
Movie,
Movie,
Movie,
Movie,
Movie,
TV Show,
Movie,
Movie,
Movie,
Movie,
TV Show,
Movie,
TV Show,
TV Show,
Movie,
Movie,
Movie,
Movie,
Movie,
Movie,
Movie,
Movie,
TV Show,
Movie,
TV Show,
Movie,
Movie,
Movie,
Movie,
Movie,
Movie,
Movie,
TV Show,
Movie,
Movie,
Movie,
Movie,
Movie,
Movie,
Movie,
Movie,
TV Show,
Movie,
Movie,
Movie,
Movie,
Movie,
Movie,
Movie,
Movie,
TV Show,
Movie,
Movie,
TV Show,
TV Show,
Movie,
TV Show,
TV Show,
Movie,
Movie,
TV Show,
Movie,
TV Show,
Movie,
Movie,
TV Show,
TV Show,
Movie,
Movie,
Movie,
Movie,
Movie,
Movie,
TV Show,
Movie,
TV Show,
Movie,
Movie,
TV Show,
TV Show,
Movie,
TV Show,
Movie,
Movie,
Movie,
Movie,
TV Show,
Movie,
TV Show,
Movie,
Movie,
TV Show,
Movie,
Movie,
Movie,
Movie,
Movie,
TV Show,
TV Show,
TV Show,
Movie,
TV Show,
TV Show,
Movie,
TV Show,
TV Show,
TV Show,
TV Show,
TV Show,
TV Show,
Movie,
TV Show,
Movie,
Movie,
Movie,
Movie,
TV Show,
Movie,
TV Show,
Movie,
Movie,
TV Show,
TV Show,
Movie,
Movie,
Movie,
Movie,
TV Show,
Movie,
Movie,
TV Show,
Movie,
TV Show,
Movie,
Movie,
TV Show,
Movie,
Movie,
TV Show,
TV Show,
TV Show,
TV Show,
Movie,
Movie,
Movie,
Movie,
Movie,
Movie,
Movie,
Movie,
Movie,
Movie,
TV Show,
Movie,
Movie,
TV Show,
Movie,
Movie,
Movie,
Movie,
TV Show,
Movie,
Movie,
Movie,
Movie,
Movie,
Movie,
Movie,
TV Show,
TV Show,
Movie,
TV Show,
Movie,
Movie,
Movie,
Movie,
Movie,
Movie,
Movie,
Movie,
Movie,
Movie,
TV Show,
Movie,
TV Show,
TV Show,
TV Show,
Movie,
TV Show,
TV Show,
Movie,
TV Show,
Movie,
Movie,
TV Show,
Movie,
Movie,
TV Show,
Movie,
Movie,
Movie,
Movie,
TV Show,
Movie,
TV Show,
TV Show,
TV Show,
TV Show,
TV Show,
Movie,
Movie,
Movie,
Movie,
Movie,
TV Show,
Movie,
TV Show,
Movie,
Movie,
Movie,
TV Show,
Movie,
Movie,
Movie,
TV Show,
Movie,
Movie,
Movie,
Movie,
Movie,
Movie,
TV Show,
Movie,
Movie,
TV Show,
TV Show,
TV Show,
TV Show,
Movie,
Movie,
TV Show,
Movie,
Movie,
Movie,
Movie,
TV Show,
Movie,
Movie,
Movie,
Movie,
Movie,
TV Show,
TV Show,
Movie,
Movie,
TV Show,
TV Show,
Movie,
TV Show,
TV Show,
Movie,
TV Show,
TV Show,
Movie,
Movie,
Movie,
Movie,
TV Show,
Movie,
Movie,
Movie,
Movie,
TV Show,
TV Show,
Movie,
Movie,
TV Show,
Movie,
Movie,
TV Show,
TV Show,
TV Show,
Movie,
Movie,
Movie,
TV Show,
Movie,
Movie,
TV Show,
Movie,
TV Show,
TV Show,
Movie,
TV Show,
TV Show,
Movie,
TV Show,
TV Show,
TV Show,
Movie,
Movie,
Movie,
Movie,
Movie,
Movie,
TV Show,
TV Show,
TV Show,
TV Show,
Movie,
Movie,
TV Show,
TV Show,
TV Show,
TV Show,
TV Show,
Movie,
Movie,
Movie,
TV Show,
Movie,
Movie,
Movie,
Movie,
TV Show,
TV Show,
TV Show,
TV Show,
Movie,
TV Show,
Movie,
Movie,
Movie,
Movie,
TV Show,
Movie,
Movie,
Movie,
TV Show,
Movie,
Movie,
Movie,
TV Show,
Movie,
TV Show,
Movie,
Movie,
TV Show,
TV Show,
TV Show,
TV Show,
TV Show,
Movie,
TV Show,
TV Show,
Movie,
TV Show,
Movie,
Movie,
TV Show,
Movie,
TV Show,
Movie,
TV Show,
TV Show,
Movie,
TV Show,
TV Show,
Movie,
TV Show,
TV Show,
Movie,
Movie,
Movie,
Movie,
Movie,
Movie,
TV Show,
Movie,
TV Show,
TV Show,
TV Show,
Movie,
Movie,
Movie,
TV Show,
Movie,
Movie,
TV Show,
TV Show,
TV Show,
Movie,
Movie,
TV Show,
Movie,
Movie,
TV Show,
TV Show,
TV Show,
TV Show,
TV Show,
TV Show,
TV Show,
Movie,
Movie,
Movie,
TV Show,
Movie,
Movie,
TV Show,
TV Show,
Movie,
Movie,
Movie,
Movie,
Movie,
Movie,
TV Show,
Movie,
Movie,
TV Show,
Movie,
TV Show,
Movie,
Movie,
TV Show,
Movie,
Movie,
Movie,
Movie,
Movie,
TV Show,
Movie,
TV Show,
TV Show,
TV Show,
TV Show,
Movie,
Movie,
Movie,
Movie,
TV Show,
TV Show,
TV Show,
TV Show,
Movie,
Movie,
Movie,
Movie,
Movie,
Movie,
TV Show,
Movie,
Movie,
Movie,
Movie,
Movie,
Movie,
Movie,
Movie,
TV Show,
Movie,
TV Show,
Movie,
Movie,
Movie,
Movie,
Movie,
Movie,
Movie,
Movie,
Movie,
Movie,
Movie,
Movie,
Movie,
Movie,
Movie,
Movie,
TV Show,
Movie,
Movie,
TV Show,
Movie,
Movie,
Movie,
Movie,
TV Show,
TV Show,
TV Show,
TV Show,
TV Show,
Movie,
Movie,
Movie,
Movie,
TV Show,
TV Show,
TV Show,
TV Show,
Movie,
TV Show,
Movie,
Movie,
Movie,
Movie,
TV Show,
Movie,
Movie,
Movie,
Movie,
Movie,
Movie,
TV Show,
Movie,
Movie,
Movie,
Movie,
TV Show,
Movie,
Movie,
Movie,
TV Show,
Movie,
Movie,
Movie,
TV Show,
Movie,
Movie,
Movie,
TV Show,
Movie,
Movie,
TV Show,
TV Show,
TV Show,
TV Show,
Movie,
Movie,
Movie,
Movie,
Movie,
Movie,
Movie,
TV Show,
Movie,
TV Show,
Movie,
Movie,
Movie,
TV Show,
Movie,
TV Show,
Movie,
Movie,
TV Show,
TV Show,
TV Show,
Movie,
TV Show,
TV Show,
TV Show,
Movie,
TV Show,
Movie,
Movie,
TV Show,
Movie,
Movie,
TV Show,
Movie,
TV Show,
TV Show,
Movie,
Movie,
Movie,
Movie,
TV Show,
Movie,
Movie,
Movie,
Movie,
Movie,
TV Show,
TV Show,
TV Show,
Movie,
Movie,
TV Show,
TV Show,
TV Show,
TV Show,
Movie,
TV Show,
Movie,
TV Show,
TV Show,
TV Show,
TV Show,
Movie,
TV Show,
TV Show,
TV Show,
Movie,
Movie,
TV Show,
Movie,
TV Show,
TV Show,
TV Show,
Movie,
Movie,
TV Show,
Movie,
Movie,
TV Show,
Movie,
Movie,
TV Show,
Movie,
TV Show,
Movie,
Movie,
Movie,
TV Show,
Movie,
Movie,
TV Show,
Movie,
Movie,
TV Show,
Movie,
Movie,
Movie,
Movie,
Movie,
Movie,
Movie,
Movie,
TV Show,
Movie,
TV Show,
TV Show,
Movie,
TV Show,
Movie,
Movie,
TV Show,
Movie,
Movie,
TV Show,
Movie,
Movie,
TV Show,
TV Show,
TV Show,
TV Show,
Movie,
TV Show,
TV Show,
Movie,
Movie,
Movie,
Movie,
Movie,
TV Show,
TV Show,
Movie,
Movie,
TV Show,
TV Show,
TV Show,
TV Show,
Movie,
TV Show,
TV Show,
Movie,
TV Show,
Movie,
Movie,
Movie,
TV Show,
TV Show,
TV Show,
TV Show,
Movie,
Movie,
TV Show,
Movie,
TV Show,
Movie,
TV Show,
TV Show,
Movie,
Movie,
TV Show,
TV Show,
Movie,
Movie,
TV Show,
Movie,
Movie,
Movie,
Movie,
Movie,
Movie,
Movie,
TV Show,
Movie,
Movie,
Movie,
Movie,
Movie,
Movie,
TV Show,
TV Show,
Movie,
TV Show,
TV Show,
Movie,
TV Show,
Movie,
Movie,
Movie,
TV Show,
Movie,
Movie,
Movie,
TV Show,
TV Show,
TV Show,
Movie,
Movie,
Movie,
TV Show,
Movie,
Movie,
TV Show,
Movie,
Movie,
TV Show,
Movie,
Movie,
Movie,
TV Show,
Movie,
Movie,
TV Show,
Movie,
TV Show,
Movie,
TV Show,
Movie,
Movie,
TV Show,
Movie,
Movie,
Movie,
TV Show,
TV Show,
Movie,
Movie,
Movie,
TV Show,
Movie,
Movie,
TV Show,
TV Show,
TV Show,
TV Show,
Movie,
TV Show,
TV Show,
Movie,
Movie,
TV Show,
TV Show,
TV Show,
TV Show,
Movie,
TV Show,
TV Show,
Movie,
Movie,
TV Show,
Movie,
Movie,
TV Show,
TV Show,
Movie,
Movie,
TV Show,
Movie,
Movie,
Movie,
TV Show,
Movie,
TV Show,
Movie,
Movie,
Movie,
Movie,
TV Show,
TV Show,
Movie,
TV Show,
Movie,
Movie,
Movie,
Movie,
Movie,
Movie,
Movie,
TV Show,
Movie,
TV Show,
TV Show,
TV Show,
TV Show,
TV Show,
TV Show,
Movie,
Movie,
Movie,
TV Show,
Movie,
Movie,
Movie,
Movie,
TV Show,
Movie,
Movie,
Movie,
TV Show,
Movie,
TV Show,
Movie,
Movie,
TV Show,
TV Show,
TV Show,
TV Show,
Movie,
Movie,
Movie,
Movie,
Movie,
Movie,
TV Show,
Movie,
Movie,
Movie,
Movie,
TV Show,
TV Show,
TV Show,
Movie,
TV Show,
Movie,
Movie,
TV Show,
Movie,
Movie,
Movie,
TV Show,
TV Show,
TV Show,
TV Show,
Movie,
Movie,
Movie,
Movie,
TV Show,
Movie,
Movie,
TV Show,
TV Show,
Movie,
Movie,
Movie,
Movie,
Movie,
Movie,
Movie,
Movie,
TV Show,
Movie,
Movie,
Movie,
TV Show,
TV Show,
TV Show,
TV Show,
TV Show,
Movie,
TV Show,
Movie,
Movie,
Movie,
TV Show,
Movie,
TV Show,
TV Show,
TV Show,
TV Show,
Movie,
TV Show,
Movie,
Movie,
Movie,
Movie,
TV Show,
TV Show,
Movie,
TV Show,
TV Show,
Movie,
Movie,
TV Show,
TV Show,
TV Show,
TV Show,
TV Show,
TV Show,
TV Show,
TV Show,
TV Show,
TV Show,
TV Show,
TV Show,
Movie,
Movie,
Movie,
Movie,
Movie,
Movie,
Movie,
Movie,
TV Show,
Movie,
Movie,
TV Show,
Movie,
Movie,
Movie,
Movie,
TV Show,
TV Show,
Movie,
Movie,
TV Show,
Movie,
Movie,
Movie,
TV Show,
Movie,
TV Show,
Movie,
TV Show,
Movie,
Movie,
Movie,
Movie,
Movie,
Movie,
TV Show,
Movie,
TV Show,
TV Show,
TV Show,
TV Show,
Movie,
Movie,
TV Show,
TV Show,
Movie,
Movie,
TV Show,
TV Show,
TV Show,
TV Show,
TV Show,
Movie,
TV Show,
Movie,
TV Show,
Movie,
TV Show,
TV Show,
Movie,
Movie,
TV Show,
Movie,
Movie,
TV Show,
Movie,
TV Show,
Movie,
TV Show,
TV Show,
TV Show,
TV Show,
TV Show,
TV Show,
TV Show,
TV Show,
TV Show,
Movie,
TV Show,
TV Show,
TV Show,
Movie,
Movie,
Movie,
TV Show,
Movie,
TV Show,
Movie,
TV Show,
TV Show,
Movie,
TV Show,
TV Show,
Movie,
TV Show,
Movie,
Movie,
Movie,
Movie,
Movie,
TV Show, Shuhei's father is a famous pianist. Their chance meeting transforms their lives and music.
Movie,
Movie,
TV Show,
Movie,
TV Show,
TV Show,
TV Show,
TV Show,
TV Show,
TV Show,
TV Show,
Movie,
Movie,
Movie,
Movie,
Movie,
Movie,
Movie,
Movie,
TV Show,
TV Show,
Movie,
Movie,
Movie,
TV Show,
TV Show,
TV Show,
TV Show,
TV Show,
TV Show,
Movie,
TV Show,
TV Show,
TV Show,
TV Show,
TV Show,
Movie,
TV Show,
TV Show,
Movie,
Movie,
Movie,
Movie,
TV Show,
Movie,
TV Show,
Movie,
Movie,
Movie,
Movie,
Movie,
Movie,
TV Show,
TV Show,
Movie,
Movie,
Movie,
TV Show,
Movie,
Movie,
Movie,
TV Show,
TV Show,
TV Show,
Movie,
TV Show,
Movie,
TV Show,
Movie,
Movie,
TV Show,
Movie,
TV Show,
Movie,
Movie,
TV Show,
Movie,
TV Show,
Movie,
TV Show,
Movie,
Movie,
TV Show,
Movie,
TV Show,
Movie,
Movie,
Movie,
Movie,
TV Show,
TV Show,
TV Show,
Movie,
Movie,
Movie,
TV Show,
Movie,
Movie,
Movie,
Movie,
TV Show,
Movie,
Movie,
Movie,
TV Show,
Movie,
TV Show,
TV Show,
Movie,
TV Show,
Movie,
Movie,
Movie,
Movie,
TV Show,
Movie,
Movie,
Movie,
TV Show,
Movie,
TV Show,
TV Show,
TV Show,
TV Show,
Movie,
Movie,
TV Show,
TV Show,
TV Show,
TV Show,
TV Show,
TV Show,
TV Show,
TV Show,
TV Show,
TV Show,
TV Show,
TV Show,
TV Show,
TV Show,
Movie,
Movie,
Movie,
TV Show,
TV Show,
Movie,
Movie,
TV Show,
Movie,
Movie,
TV Show,
Movie,
Movie,
TV Show,
Movie,
Movie,
Movie,
Movie,
Movie,
TV Show,
Movie,
TV Show,
TV Show,
TV Show,
TV Show,
TV Show,
TV Show,
TV Show,
Movie,
TV Show,
TV Show,
Movie,
Movie,
Movie,
Movie,
TV Show,
TV Show,
Movie,
Movie,
Movie,
TV Show,
TV Show,
Movie,
TV Show,
TV Show,
TV Show,
Movie,
Movie,
Movie,
Movie,
Movie,
Movie,
Movie,
Movie,
Movie,
Movie,
Movie,
Movie,
Movie,
Movie,
Movie,
Movie,
Movie,
TV Show,
Movie,
Movie,
Movie,
Movie,
TV Show,
Movie,
TV Show,
TV Show,
Movie,
Movie,
TV Show,
Movie,
Movie,
TV Show,
Movie,
TV Show,
TV Show,
TV Show,
Movie,
TV Show,
TV Show,
TV Show,
TV Show,
TV Show,
Movie,
TV Show,
Movie,
Movie,
TV Show,
Movie,
Movie,
Movie,
TV Show,
Movie,
Movie,
TV Show,
Movie,
TV Show,
Movie,
Movie,
TV Show,
Movie,
Movie,
TV Show,
TV Show,
Movie,
Movie,
TV Show,
TV Show,
TV Show,
TV Show,
Movie,
Movie,
Movie,
Movie,
TV Show,
Movie,
Movie,
TV Show,
TV Show,
TV Show,
Movie,
Movie,
TV Show,
Movie,
TV Show,
Movie,
TV Show,
TV Show,
Movie,
Movie,
Movie,
Movie,
Movie,
Movie,
TV Show,
Movie,
TV Show,
Movie,
Movie,
TV Show,
Movie,
Movie,
Movie,
Movie,
TV Show,
Movie,
Movie,
Movie,
Movie,
Movie,
TV Show,
Movie,
TV Show,
TV Show,
TV Show,
Movie,
Movie,
Movie,
Movie,
Movie,
TV Show,
TV Show,
Movie,
Movie,
TV Show,
TV Show,
TV Show,
TV Show,
TV Show,
Movie,
TV Show,
Movie,
Movie,
TV Show,
Movie,
Movie,
Movie,
Movie,
Movie,
Movie,
TV Show,
TV Show,
TV Show,
Movie,
Movie,
Movie,
Movie,
Movie,
Movie,
Movie,
Movie,
Movie,
TV Show,
TV Show,
TV Show,
TV Show,
Movie,
Movie,
Movie,
Movie,
Movie,
TV Show,
Movie,
Movie,
Movie,
Movie,
Movie,
Movie,
Movie,
Movie,
Movie,
Movie,
Movie,
Movie,
Movie,
Movie,
Movie,
TV Show,
Movie,
Movie,
Movie,
Movie,
TV Show,
Movie,
Movie,
Movie,
Movie,
TV Show,
TV Show,
Movie,
Movie,
Movie,
Movie,
Movie,
Movie,
Movie,
Movie,
Movie,
Movie,
Movie,
Movie,
Movie,
TV Show,
TV Show,
Movie,
Movie,
Movie,
TV Show,
Movie,
TV Show,
Movie,
Movie,
TV Show,
Movie,
TV Show,
Movie,
TV Show,
TV Show,
Movie,
Movie,
TV Show,
Movie,
Movie,
TV Show,
TV Show,
TV Show,
Movie,
TV Show,
TV Show,
TV Show,
TV Show,
Movie,
Movie,
Movie,
Movie,
Movie,
Movie,
Movie,
Movie,
TV Show,
TV Show,
TV Show,
TV Show,
Movie,
Movie,
Movie,
Movie,
TV Show,
Movie,
Movie,
Movie,
Movie,
Movie,
Movie,
Movie,
Movie,
Movie,
Movie,
Movie,
Movie,
TV Show,
TV Show,
Movie,
Movie,
TV Show,
TV Show,
TV Show,
Movie,
Movie,
TV Show,
TV Show,
Movie,
TV Show,
Movie,
Movie,
Movie,
TV Show,
TV Show,
Movie,
Movie,
Movie,
TV Show,
TV Show,
Movie,
Movie,
Movie,
Movie,
TV Show,
Movie,
Movie,
Movie,
Movie,
Movie,
Movie,
TV Show,
Movie,
Movie,
TV Show,
TV Show,
TV Show,
TV Show,
Movie,
Movie,
Movie,
TV Show,
TV Show,
Movie,
Movie,
Movie,
Movie,
Movie,
Movie,
Movie,
TV Show,
TV Show,
Movie,
TV Show,
Movie,
TV Show,
Movie,
Movie,
Movie,
Movie,
Movie,
TV Show,
TV Show,
Movie,
Movie,
Movie,
Movie,
Movie,
Movie,
Movie,
Movie,
Movie,
Movie,
Movie,
Movie,
Movie,
Movie,
Movie,
Movie,
Movie,
Movie,
Movie,
Movie,
Movie,
Movie,
TV Show,
TV Show,
Movie,
Movie,
TV Show,
Movie,
TV Show,
TV Show,
Movie,
Movie,
TV Show,
TV Show,
TV Show,
TV Show,
TV Show,
TV Show,
TV Show,
Movie,
Movie,
TV Show,
TV Show,
TV Show,
TV Show,
TV Show,
TV Show,
Movie,
TV Show,
Movie,
Movie,
TV Show,
Movie,
Movie,
Movie,
Movie,
TV Show,
Movie,
Movie,
Movie,
TV Show,
Movie,
TV Show,
Movie,
Movie,
Movie,
Movie,
Movie,
TV Show,
Movie,
Movie,
Movie,
Movie,
Movie,
Movie,
Movie,
TV Show,
TV Show,
Movie,
TV Show,
TV Show,
TV Show,
TV Show,
TV Show,
TV Show,
Movie,
Movie,
Movie,
TV Show,
Movie,
Movie,
Movie,
TV Show,
TV Show,
Movie,
Movie,
Movie,
Movie,
TV Show,
TV Show,
Movie,
Movie,
Movie,
Movie,
Movie,
Movie,
Movie,
Movie,
Movie,
Movie,
Movie,
Movie,
TV Show,
Movie,
Movie,
Movie,
Movie,
Movie,
Movie,
Movie,
Movie,
Movie,
TV Show,
Movie,
Movie,
TV Show,
Movie,
Movie,
TV Show,
Movie,
Movie,
TV Show,
Movie,
Movie,
TV Show,
TV Show,
Movie,
TV Show,
TV Show,
TV Show,
TV Show,
Movie,
Movie,
TV Show,
TV Show,
Movie,
Movie,
Movie,
TV Show,
Movie,
Movie,
TV Show,
TV Show,
TV Show,
Movie,
Movie,
TV Show,
Movie,
Movie,
TV Show,
Movie,
TV Show,
Movie,
Movie,
Movie,
Movie,
Movie,
Movie,
Movie,
Movie,
Movie,
TV Show,
TV Show,
Movie,
Movie,
TV Show,
Movie,
TV Show,
TV Show,
TV Show,
TV Show,
TV Show,
TV Show,
Movie,
Movie,
TV Show,
Movie,
TV Show,
Movie,
Movie,
Movie,
Movie,
Movie,
Movie,
Movie,
Movie,
Movie,
Movie,
Movie,
Movie,
Movie,
Movie,
TV Show,
Movie,
Movie,
Movie,
Movie,
Movie,
TV Show,
Movie,
Movie,
Movie,
Movie,
Movie,
Movie,
Movie,
Movie,
Movie,
Movie,
Movie,
Movie,
Movie,
Movie,
Movie,
Movie,
Movie,
Movie,
Movie,
Movie,
Movie,
Movie,
Movie,
Movie,
TV Show,
Movie,
Movie,
Movie,
Movie,
Movie,
Movie,
Movie,
TV Show,
Movie,
Movie,
Movie,
Movie,
Movie,
Movie,
TV Show,
Movie,
TV Show,
TV Show,
Movie,
Movie,
Movie,
TV Show,
Movie,
TV Show,
Movie,
TV Show,
TV Show,
TV Show,
Movie,
Movie,
Movie,
Movie,
TV Show,
TV Show,
Movie,
Movie,
TV Show,
Movie,
Movie,
TV Show,
Movie,
TV Show,
TV Show,
Movie,
Movie,
Movie,
TV Show,
Movie,
Movie,
TV Show,
Movie,
Movie,
TV Show,
Movie,
Movie,
TV Show,
TV Show,
Movie,
TV Show,
TV Show,
Movie,
TV Show,
Movie,
Movie,
Movie,
TV Show,
Movie,
TV Show,
TV Show,
TV Show,
Movie,
Movie,
Movie,
TV Show,
TV Show,
Movie,
Movie,
Movie,
Movie,
Movie,
TV Show,
Movie,
Movie,
Movie,
Movie,
Movie,
Movie,
TV Show,
TV Show,
TV Show,
Movie,
TV Show,
Movie,
Movie,
Movie,
Movie,
Movie,
Movie,
Movie,
Movie,
Movie,
Movie,
Movie,
Movie,
Movie,
Movie,
Movie,
Movie,
TV Show,
Movie,
Movie,
Movie,
Movie,
Movie,
Movie,
Movie,
Movie,
Movie,
Movie,
Movie,
Movie,
Movie,
Movie,
Movie,
Movie,
Movie,
Movie,
Movie,
Movie,
Movie,
Movie,
Movie,
Movie,
Movie,
Movie,
Movie,
Movie,
Movie,
Movie,
Movie,
Movie,
Movie,
TV Show,
Movie,
Movie,
Movie,
TV Show,
Movie,
Movie,
Movie,
Movie,
Movie,
Movie,
Movie,
Movie,
Movie,
Movie,
Movie,
Movie,
TV Show,
TV Show,
TV Show,
Movie,
Movie,
Movie,
TV Show,
TV Show,
TV Show,
Movie,
Movie,
TV Show,
TV Show,
TV Show,
TV Show,
TV Show,
TV Show,
TV Show,
TV Show,
TV Show,
Movie,
Movie,
TV Show,
Movie,
TV Show,
Movie,
TV Show,
TV Show,
Movie,
TV Show,
TV Show,
TV Show,
Movie,
TV Show,
TV Show,
Movie,
Movie,
TV Show,
Movie,
Movie,
Movie,
TV Show,
TV Show,
TV Show,
Movie,
Movie,
Movie,
Movie,
Movie,
TV Show,
Movie,
TV Show,
TV Show,
TV Show,
Movie,
TV Show,
TV Show,
TV Show,
Movie,
Movie,
Movie,
TV Show,
Movie,
Movie,
TV Show,
Movie,
TV Show,
Movie,
TV Show,
Movie,
Movie,
Movie,
Movie,
Movie,
Movie,
TV Show,
Movie,
Movie,
Movie,
Movie,
Movie,
TV Show,
TV Show,
TV Show,
Movie,
Movie,
Movie,
Movie,
TV Show,
TV Show,
TV Show,
Movie,
Movie,
Movie,
Movie,
TV Show,
TV Show,
Movie,
Movie,
Movie,
Movie,
Movie,
Movie,
Movie,
Movie,
Movie,
Movie,
Movie,
Movie,
Movie,
Movie,
Movie,
Movie,
Movie,
Movie,
Movie,
Movie,
TV Show,
Movie,
Movie,
TV Show,
TV Show,
TV Show,
TV Show,
Movie,
Movie,
TV Show,
Movie,
Movie,
TV Show,
Movie,
TV Show,
Movie,
TV Show,
Movie,
Movie,
Movie,
TV Show,
TV Show,
Movie,
Movie,
TV Show,
TV Show,
TV Show,
Movie,
Movie,
TV Show,
Movie,
Movie,
Movie,
TV Show,
TV Show,
Movie,
Movie,
Movie,
TV Show,
TV Show,
TV Show,
TV Show,
TV Show,
Movie,
Movie,
Movie,
Movie,
Movie,
Movie,
Movie,
Movie,
Movie,
Movie,
Movie,
Movie,
Movie,
Movie,
Movie,
Movie,
Movie,
TV Show,
Movie,
Movie,
Movie,
Movie,
Movie,
TV Show,
Movie,
Movie,
TV Show,
Movie,
TV Show,
Movie,
Movie,
Movie,
TV Show,
Movie,
TV Show,
Movie,
Movie,
TV Show,
Movie,
Movie,
TV Show,
Movie,
Movie,
TV Show,
Movie,
Movie,
Movie,
Movie,
Movie,
Movie,
TV Show,
TV Show,
Movie,
Movie,
Movie,
TV Show,
TV Show,
TV Show,
Movie,
Movie,
TV Show,
Movie,
Movie,
TV Show,
TV Show,
TV Show,
Movie,
TV Show,
Movie,
Movie,
Movie,
TV Show,
TV Show,
Movie,
Movie,
TV Show,
TV Show,
Movie,
Movie,
Movie,
Movie,
TV Show,
Movie,
Movie,
TV Show,
Movie,
TV Show,
Movie,
TV Show,
Movie,
Movie,
Movie,
Movie,
TV Show,
Movie,
Movie,
Movie,
Movie,
TV Show,
Movie,
Movie,
Movie,
Movie,
Movie,
Movie,
Movie,
Movie,
Movie,
Movie,
Movie,
Movie,
Movie,
Movie,
Movie,
Movie,
Movie,
Movie,
TV Show,
Movie,
TV Show,
Movie,
Movie,
TV Show,
Movie,
Movie,
TV Show,
Movie,
TV Show,
Movie,
TV Show,
Movie,
Movie,
TV Show,
TV Show,
Movie,
Movie,
Movie,
Movie,
Movie,
Movie,
Movie,
Movie,
Movie,
TV Show,
TV Show,
TV Show,
Movie,
Movie,
Movie,
TV Show,
Movie,
Movie,
TV Show,
Movie,
Movie,
Movie,
Movie,
Movie,
Movie,
Movie,
TV Show,
TV Show,
Movie,
Movie,
Movie,
TV Show,
Movie,
Movie,
TV Show,
Movie,
TV Show,
Movie,
Movie,
Movie,
Movie,
Movie,
TV Show,
Movie,
Movie,
Movie,
TV Show,
Movie,
Movie,
TV Show,
Movie,
Movie,
TV Show,
TV Show,
Movie,
Movie,
Movie,
Movie,
TV Show,
Movie,
Movie,
TV Show,
Movie,
TV Show,
Movie,
TV Show,
Movie,
Movie,
Movie,
TV Show,
TV Show,
Movie,
Movie,
TV Show,
Movie,
Movie,
TV Show,
TV Show,
Movie,
TV Show,
Movie,
Movie,
TV Show,
Movie,
Movie,
TV Show,
Movie,
Movie,
Movie,
TV Show,
Movie,
Movie,
Movie,
Movie,
Movie,
Movie,
Movie,
Movie,
Movie,
Movie,
Movie,
Movie,
Movie,
Movie,
Movie,
Movie,
Movie,
Movie,
Movie,
Movie,
Movie,
TV Show,
TV Show,
Movie,
TV Show,
TV Show,
Movie,
TV Show,
Movie,
Movie,
TV Show,
TV Show,
Movie,
TV Show,
Movie,
Movie,
Movie,
Movie,
Movie,
Movie,
Movie,
TV Show,
Movie,
TV Show,
Movie,
Movie,
Movie,
Movie,
Movie,
TV Show,
Movie,
Movie,
TV Show,
Movie,
Movie,
Movie,
Movie,
Movie,
TV Show,
Movie,
TV Show,
Movie,
Movie,
Movie,
TV Show,
TV Show,
Movie,
Movie,
Movie,
Movie,
TV Show,
Movie,
TV Show,
Movie,
Movie,
Movie,
Movie,
TV Show,
Movie,
Movie,
Movie,
Movie,
Movie,
Movie,
TV Show,
TV Show,
Movie,
TV Show,
Movie,
Movie,
TV Show,
TV Show,
TV Show,
TV Show,
TV Show,
TV Show,
Movie,
Movie,
TV Show,
Movie,
TV Show,
Movie,
Movie,
Movie,
TV Show,
Movie,
TV Show,
TV Show,
Movie,
Movie,
Movie,
Movie,
Movie,
TV Show,
TV Show,
TV Show,
Movie,
Movie,
Movie,
Movie,
TV Show,
TV Show,
Movie,
TV Show,
Movie,
Movie,
Movie,
Movie,
Movie,
Movie,
Movie,
Movie,
Movie,
TV Show,
TV Show,
Movie,
TV Show,
Movie,
Movie,
TV Show,
TV Show,
Movie,
TV Show,
Movie,
TV Show,
TV Show,
Movie,
Movie,
Movie,
TV Show,
TV Show,
TV Show,
TV Show,
Movie,
TV Show,
Movie,
Movie,
Movie,
Movie,
Movie,
TV Show,
TV Show,
Movie,
TV Show,
TV Show,
TV Show,
Movie,
Movie,
TV Show,
TV Show,
TV Show,
Movie,
Movie,
TV Show,
Movie,
TV Show,
Movie,
Movie,
Movie,
TV Show,
TV Show,
Movie,
Movie,
Movie,
Movie,
Movie,
TV Show,
TV Show,
TV Show,
TV Show,
TV Show,
Movie,
Movie,
Movie,
Movie,
TV Show,
Movie,
Movie,
Movie,
Movie,
TV Show,
TV Show,
Movie,
TV Show,
Movie,
TV Show,
Movie,
Movie,
Movie,
Movie,
TV Show,
TV Show,
Movie,
Movie,
TV Show,
Movie,
TV Show,
Movie,
Movie,
Movie,
Movie,
Movie,
Movie,
Movie,
Movie,
Movie,
TV Show,
TV Show,
Movie,
Movie,
Movie,
TV Show,
TV Show,
Movie,
Movie,
Movie,
Movie,
TV Show,
TV Show,
TV Show,
TV Show,
TV Show,
TV Show,
Movie,
Movie,
TV Show,
TV Show,
Movie,
Movie,
TV Show,
Movie,
Movie,
TV Show,
TV Show,
TV Show,
Movie,
Movie,
TV Show,
TV Show,
Movie,
Movie,
Movie,
Movie,
Movie,
Movie,
Movie,
Movie,
TV Show,
Movie,
TV Show,
Movie,
Movie,
Movie,
TV Show,
Movie,
TV Show,
Movie,
Movie,
Movie,
TV Show,
TV Show,
TV Show,
TV Show,
TV Show,
TV Show,
Movie,
Movie,
Movie,
Movie,
Movie,
Movie,
Movie,
TV Show,
TV Show,
TV Show,
Movie,
TV Show,
Movie,
Movie,
Movie,
TV Show,
Movie,
Movie,
Movie,
Movie,
Movie,
Movie,
Movie,
Movie,
Movie,
Movie,
Movie,
Movie,
Movie,
Movie,
TV Show,
TV Show,
Movie,
Movie,
TV Show,
Movie,
Movie,
TV Show,
Movie,
Movie,
Movie,
Movie,
Movie,
Movie,
Movie,
Movie,
Movie,
Movie,
Movie,
Movie,
Movie,
Movie,
Movie,
Movie,
Movie,
TV Show,
Movie,
TV Show,
TV Show,
TV Show,
TV Show,
Movie,
TV Show,
Movie,
TV Show,
TV Show,
TV Show,
Movie,
Movie,
Movie,
TV Show,
Movie,
TV Show,
TV Show,
Movie,
TV Show,
TV Show,
TV Show,
Movie,
Movie,
Movie,
Movie,
TV Show,
Movie,
Movie,
Movie,
Movie,
Movie,
Movie,
Movie,
TV Show,
TV Show,
TV Show,
TV Show,
TV Show,
Movie,
TV Show,
Movie,
TV Show,
Movie,
TV Show,
Movie,
TV Show,
TV Show,
Movie,
TV Show,
Movie,
TV Show,
Movie,
TV Show,
Movie,
TV Show,
Movie,
TV Show,
TV Show,
TV Show,
TV Show,
TV Show,
Movie,
TV Show,
TV Show,
Movie,
TV Show,
TV Show,
TV Show,
Movie,
Movie,
Movie,
Movie,
Movie,
Movie,
TV Show,
TV Show,
Movie,
Movie,
TV Show,
Movie,
Movie,
TV Show,
Movie,
Movie,
Movie,
Movie,
TV Show,
TV Show,
TV Show,
TV Show,
TV Show,
TV Show,
TV Show,
Movie,
Movie,
Movie,
Movie,
TV Show,
TV Show,
Movie,
Movie,
Movie,
Movie,
Movie,
Movie,
Movie,
Movie,
Movie,
Movie,
Movie,
TV Show,
TV Show,
TV Show,
Movie,
Movie,
Movie,
Movie,
TV Show,
TV Show,
Movie,
Movie,
Movie,
Movie,
TV Show,
Movie,
Movie,
Movie,
Movie,
Movie,
Movie,
TV Show,
Movie,
TV Show,
Movie,
Movie,
Movie,
Movie,
Movie,
Movie,
Movie,
Movie,
TV Show,
Movie,
Movie,
Movie,
Movie,
Movie,
TV Show,
Movie,
Movie,
Movie,
Movie,
Movie,
Movie,
Movie,
Movie,
Movie,
Movie,
Movie,
Movie,
Movie,
Movie,
TV Show,
TV Show,
Movie,
Movie,
TV Show,
TV Show,
Movie,
Movie,
Movie,
Movie,
TV Show,
TV Show,
TV Show,
Movie,
TV Show,
Movie,
Movie,
Movie,
Movie,
Movie,
Movie,
Movie,
Movie,
Movie,
Movie,
Movie,
Movie,
Movie,
TV Show,
TV Show,
Movie,
Movie,
Movie,
TV Show,
Movie,
Movie,
Movie,
Movie,
Movie,
Movie,
Movie,
Movie,
Movie,
Movie,
Movie,
TV Show,
TV Show,
Movie,
Movie,
TV Show,
Movie,
Movie,
Movie,
TV Show,
TV Show,
Movie,
Movie,
TV Show,
TV Show,
Movie,
TV Show,
Movie,
Movie,
Movie,
Movie,
Movie,
TV Show,
Movie,
Movie,
TV Show,
Movie,
TV Show,
Movie,
Movie,
TV Show,
Movie,
TV Show,
Movie,
Movie,
Movie,
Movie,
Movie,
TV Show,
TV Show,
TV Show,
Movie,
Movie,
Movie,
Movie,
TV Show,
Movie,
Movie,
TV Show,
Movie,
TV Show,
Movie,
Movie,
Movie,
Movie,
TV Show,
TV Show,
Movie,
Movie,
Movie,
Movie,
Movie,
Movie,
Movie,
Movie,
Movie,
Movie,
Movie,
Movie,
Movie,
Movie,
Movie,
Movie,
Movie,
Movie,
Movie,
Movie,
Movie,
Movie,
Movie,
Movie,
Movie,
Movie,
Movie,
Movie,
Movie,
Movie,
TV Show,
Movie,
Movie,
Movie,
Movie,
Movie,
Movie,
Movie,
Movie,
Movie,
TV Show,
Movie,
Movie,
TV Show,
TV Show,
TV Show,
Movie,
Movie,
TV Show,
Movie,
Movie,
Movie,
TV Show,
Movie,
Movie,
TV Show,
Movie,
TV Show,
TV Show,
TV Show,
TV Show,
TV Show,
TV Show,
TV Show,
TV Show,
TV Show,
Movie,
TV Show,
Movie,
Movie,
TV Show,
Movie,
Movie,
TV Show,
TV Show,
Movie,
TV Show,
Movie,
Movie,
Movie,
TV Show,
Movie,
TV Show,
Movie,
Movie,
Movie,
Movie,
Movie,
Movie,
TV Show,
TV Show,
Movie,
Movie,
TV Show,
Movie,
Movie,
Movie,
TV Show,
Movie,
Movie,
Movie,
Movie,
Movie,
Movie,
Movie,
TV Show,
TV Show,
Movie,
Movie,
Movie,
TV Show,
Movie,
TV Show,
TV Show,
Movie,
Movie,
Movie,
TV Show,
TV Show,
TV Show,
TV Show,
TV Show,
TV Show,
Movie,
Movie,
Movie,
Movie,
Movie,
Movie,
Movie,
Movie,
TV Show,
Movie,
Movie,
TV Show,
Movie,
Movie,
Movie,
Movie,
Movie,
Movie,
TV Show,
TV Show,
TV Show,
Movie,
Movie,
Movie,
Movie,
Movie,
TV Show,
Movie,
Movie,
TV Show,
TV Show,
Movie,
Movie,
TV Show,
Movie,
TV Show,
TV Show,
Movie,
TV Show,
Movie,
Movie,
TV Show,
Movie,
Movie,
TV Show,
Movie,
Movie,
Movie,
TV Show,
Movie,
Movie,
Movie,
TV Show,
Movie,
Movie,
Movie,
Movie,
Movie,
Movie,
Movie,
Movie,
Movie,
Movie,
Movie,
Movie,
Movie,
TV Show,
TV Show,
TV Show,
TV Show,
TV Show,
Movie,
TV Show,
TV Show,
TV Show,
Movie,
Movie,
Movie,
TV Show,
TV Show,
Movie,
Movie,
Movie,
Movie,
Movie,
Movie,
Movie,
Movie,
Movie,
TV Show,
TV Show,
Movie,
TV Show,
Movie,
TV Show,
Movie,
TV Show,
Movie,
Movie,
Movie,
Movie,
TV Show,
Movie,
TV Show,
Movie,
TV Show,
Movie,
Movie,
Movie,
Movie,
TV Show,
TV Show,
TV Show,
Movie,
Movie,
Movie,
Movie,
Movie,
Movie,
Movie,
TV Show,
Movie,
TV Show,
TV Show,
Movie,
Movie,
Movie,
Movie,
Movie,
TV Show,
TV Show,
Movie,
Movie,
TV Show,
TV Show,
Movie,
TV Show,
TV Show,
TV Show,
Movie,
Movie,
Movie,
Movie,
Movie,
TV Show,
Movie,
Movie,
Movie,
Movie,
TV Show,
Movie,
Movie,
TV Show,
Movie,
Movie,
TV Show,
Movie,
Movie,
Movie,
Movie,
Movie,
Movie,
TV Show,
Movie,
Movie,
Movie,
Movie,
TV Show,
Movie,
TV Show,
Movie,
Movie,
Movie,
Movie,
Movie,
TV Show,
Movie,
Movie,
Movie,
Movie,
Movie,
TV Show,
Movie,
Movie,
Movie,
Movie,
Movie,
Movie,
Movie,
TV Show,
TV Show,
Movie,
Movie,
Movie,
Movie,
Movie,
Movie,
Movie,
Movie,
Movie,
TV Show,
Movie,
Movie,
Movie,
Movie,
Movie,
TV Show,
TV Show,
Movie,
Movie,
Movie,
Movie,
Movie,
Movie,
Movie,
Movie,
Movie,
Movie,
Movie,
Movie,
Movie,
Movie,
Movie,
Movie,
Movie,
Movie,
Movie,
Movie,
Movie,
Movie,
Movie,
TV Show,
Movie,
Movie,
Movie,
Movie,
Movie,
Movie,
Movie,
Movie,
Movie,
TV Show,
Movie,
Movie,
Movie,
TV Show,
Movie,
Movie,
Movie,
Movie,
Movie,
TV Show,
Movie,
TV Show,
Movie,
Movie,
Movie,
Movie,
Movie,
Movie,
Movie,
Movie,
Movie,
Movie,
Movie,
Movie,
Movie,
Movie,
TV Show,
Movie,
Movie,
Movie,
Movie,
Movie,
Movie,
Movie,
Movie,
Movie,
Movie,
Movie,
Movie,
Movie,
Movie,
Movie,
Movie,
Movie,
Movie,
Movie,
Movie,
Movie,
Movie,
TV Show,
Movie,
TV Show,
Movie,
Movie,
Movie,
Movie,
Movie,
Movie,
Movie,
Movie,
Movie,
Movie,
TV Show,
Movie,
Movie,
Movie,
Movie,
Movie,
Movie,
TV Show,
Movie,
Movie,
Movie,
Movie,
Movie,
Movie,
Movie,
Movie,
Movie,
Movie,
Movie,
Movie,
Movie,
Movie,
Movie,
Movie,
Movie,
Movie,
Movie,
Movie,
Movie,
TV Show,
TV Show,
Movie,
Movie,
Movie,
Movie,
Movie,
Movie,
Movie,
Movie,
Movie,
Movie,
Movie,
TV Show,
Movie,
Movie,
Movie,
Movie,
Movie,
Movie,
Movie,
Movie,
Movie,
TV Show,
Movie,
Movie,
Movie,
Movie,
TV Show,
Movie,
Movie,
Movie,
Movie,
Movie,
TV Show,
TV Show,
TV Show,
Movie,
Movie,
TV Show,
Movie,
Movie,
Movie,
Movie,
Movie,
Movie,
Movie,
Movie,
Movie,
Movie,
Movie,
Movie,
Movie,
Movie,
Movie,
Movie,
Movie,
Movie,
Movie,
Movie,
TV Show,
Movie,
Movie,
Movie,
Movie,
Movie,
TV Show,
Movie,
Movie,
Movie,
Movie,
TV Show,
Movie,
TV Show,
Movie,
Movie,
Movie,
Movie,
Movie,
Movie,
TV Show,
Movie,
Movie,
Movie,
Movie,
Movie,
Movie,
Movie,
Movie,
Movie,
TV Show,
Movie,
Movie,
Movie,
Movie,
TV Show,
Movie,
Movie,
Movie,
Movie,
TV Show,
TV Show,
Movie,
Movie,
Movie,
Movie,
Movie,
Movie,
TV Show,
Movie,
Movie,
TV Show,
Movie,
Movie,
Movie,
Movie,
Movie,
Movie,
Movie,
Movie,
Movie,
Movie,
Movie,
Movie,
Movie,
Movie,
Movie,
Movie,
TV Show,
Movie,
Movie,
Movie,
TV Show,
Movie,
Movie,
Movie,
Movie,
Movie,
Movie,
Movie,
Movie,
Movie,
Movie,
Movie,
Movie,
Movie,
Movie,
TV Show,
Movie,
Movie,
TV Show,
Movie,
Movie,
TV Show,
Movie,
Movie,
Movie,
Movie,
Movie,
Movie,
Movie,
Movie,
TV Show,
Movie,
Movie,
Movie,
Movie,
Movie,
Movie,
Movie,
Movie,
Movie,
Movie,
Movie,
Movie,
Movie,
Movie,
Movie,
Movie,
Movie,
Movie,
Movie,
Movie,
TV Show,
TV Show,
Movie,
TV Show,
TV Show,
Movie,
Movie,
Movie,
Movie,
TV Show,
Movie,
Movie,
Movie,
TV Show,
TV Show,
TV Show,
TV Show,
Movie,
Movie,
Movie,
Movie,
Movie,
Movie,
Movie,
Movie,
Movie,
TV Show,
TV Show,
Movie,
Movie,
TV Show,
Movie,
TV Show,
Movie,
Movie,
Movie,
Movie,
Movie,
Movie,
Movie,
Movie,
Movie,
TV Show,
Movie,
Movie,
TV Show,
TV Show,
Movie,
Movie,
Movie,
Movie,
Movie,
TV Show,
Movie,
Movie,
TV Show,
Movie,
Movie,
Movie,
Movie,
Movie,
Movie,
Movie,
Movie,
Movie,
Movie,
Movie,
Movie,
Movie,
TV Show,
TV Show,
Movie,
Movie,
Movie,
TV Show,
Movie,
Movie,
Movie,
Movie,
Movie,
Movie,
Movie,
Movie,
Movie,
Movie,
Movie,
TV Show,
Movie,
Movie,
Movie,
Movie,
Movie,
TV Show,
Movie,
Movie,
Movie,
Movie,
Movie,
TV Show,
Movie,
Movie,
Movie,
Movie,
Movie,
Movie,
Movie,
Movie,
Movie,
TV Show,
Movie,
Movie,
TV Show,
TV Show,
Movie,
Movie,
TV Show,
Movie,
Movie,
Movie,
TV Show,
Movie,
Movie,
TV Show,
Movie,
TV Show,
Movie,
Movie,
Movie,
Movie,
TV Show,
Movie,
Movie,
TV Show,
Movie,
Movie,
Movie,
TV Show,
Movie,
Movie,
Movie,
TV Show,
Movie,
Movie,
Movie,
TV Show,
Movie,
Movie,
Movie,
Movie,
TV Show,
Movie,
Movie,
TV Show,
Movie,
Movie,
TV Show,
Movie,
Movie,
TV Show,
TV Show,
Movie,
Movie,
TV Show,
Movie,
TV Show,
Movie,
Movie,
TV Show,
Movie,
Movie,
Movie,
TV Show,
Movie,
Movie,
Movie,
Movie,
Movie,
TV Show,
Movie,
Movie,
Movie,
TV Show,
Movie,
Movie,
Movie,
Movie,
Movie,
Movie,
Movie,
Movie,
Movie,
Movie,
Movie,
Movie,
Movie,
Movie,
Movie,
Movie,
Movie,
Movie,
Movie,
Movie,
TV Show,
Movie,
Movie,
Movie,
TV Show,
TV Show,
TV Show,
Movie,
TV Show,
TV Show,
Movie,
Movie,
Movie,
Movie,
Movie,
Movie,
Movie,
Movie,
TV Show,
Movie,
Movie,
Movie,
Movie,
Movie,
Movie,
Movie,
TV Show,
Movie,
Movie,
Movie,
Movie,
Movie,
TV Show,
Movie,
Movie,
Movie,
TV Show,
Movie,
Movie,
TV Show,
Movie,
Movie,
Movie,
Movie,
TV Show,
Movie,
Movie,
TV Show,
Movie,
Movie,
Movie,
Movie,
Movie,
TV Show,
TV Show,
TV Show,
TV Show,
TV Show,
TV Show,
Movie,
Movie,
Movie,
TV Show,
TV Show,
Movie,
Movie,
Movie,
Movie,
TV Show,
TV Show,
Movie,
Movie,
Movie,
TV Show,
Movie,
Movie,
Movie,
Movie,
Movie,
Movie,
Movie,
TV Show,
Movie,
Movie,
Movie,
Movie,
Movie,
TV Show,
Movie,
Movie,
Movie,
TV Show,
Movie,
Movie,
Movie,
Movie,
Movie,
Movie,
TV Show,
Movie,
Movie,
Movie,
Movie,
Movie,
Movie,
TV Show,
Movie,
Movie,
TV Show,
TV Show,
Movie,
Movie,
Movie,
Movie,
Movie,
Movie,
Movie,
TV Show,
Movie,
Movie,
TV Show,
TV Show,
Movie,
Movie,
Movie,
Movie,
Movie,
Movie,
Movie,
Movie,
Movie,
Movie,
Movie,
Movie,
Movie,
TV Show,
TV Show,
Movie,
Movie,
Movie,
Movie,
Movie,
Movie,
Movie,
Movie,
Movie,
Movie,
Movie,
Movie,
Movie,
TV Show,
Movie,
TV Show,
Movie,
Movie,
Movie,
Movie,
Movie,
Movie,
Movie,
TV Show,
Movie,
TV Show,
Movie,
Movie,
Movie,
Movie,
TV Show,
Movie,
Movie,
Movie,
Movie,
Movie,
Movie,
Movie,
Movie,
Movie,
Movie,
Movie,
Movie,
Movie,
Movie,
Movie,
Movie,
TV Show,
Movie,
Movie,
Movie,
Movie,
Movie,
Movie,
Movie,
Movie,
Movie,
Movie,
TV Show,
Movie,
Movie,
Movie,
Movie,
TV Show,
TV Show,
Movie,
Movie,
Movie,
Movie,
Movie,
TV Show,
TV Show,
TV Show,
Movie,
Movie,
TV Show,
Movie,
Movie,
Movie,
Movie,
Movie,
Movie,
Movie,
TV Show,
TV Show,
TV Show,
TV Show,
Movie,
TV Show,
Movie,
TV Show,
Movie,
Movie,
Movie,
Movie,
Movie,
Movie,
Movie,
Movie,
Movie,
Movie,
Movie,
TV Show,
Movie,
Movie,
TV Show,
Movie,
TV Show,
Movie,
TV Show,
Movie,
Movie,
Movie,
Movie,
Movie,
Movie,
Movie,
Movie,
Movie,
Movie,
Movie,
TV Show,
Movie,
Movie,
Movie,
Movie,
TV Show,
Movie,
Movie,
TV Show,
TV Show,
Movie,
Movie,
Movie,
Movie,
Movie,
TV Show,
Movie,
Movie,
Movie,
TV Show,
Movie,
Movie,
TV Show,
TV Show,
Movie,
Movie,
Movie,
Movie,
Movie,
Movie,
Movie,
Movie,
TV Show,
TV Show,
Movie,
TV Show,
Movie,
Movie,
Movie,
Movie,
Movie,
TV Show,
Movie,
Movie,
Movie,
Movie,
Movie,
Movie,
Movie,
Movie,
Movie,
Movie,
Movie,
Movie,
TV Show,
Movie,
Movie,
TV Show,
Movie,
Movie,
Movie,
TV Show,
Movie,
Movie,
TV Show,
TV Show,
Movie,
Movie,
Movie,
Movie,
Movie,
Movie,
Movie,
TV Show,
Movie,
Movie,
TV Show,
Movie,
Movie,
TV Show,
Movie,
Movie,
TV Show,
Movie,
Movie,
Movie,
TV Show,
Movie,
Movie,
Movie,
Movie,
Movie,
Movie,
Movie,
TV Show,
Movie,
Movie,
TV Show,
Movie,
Movie,
Movie,
TV Show,
Movie,
Movie,
Movie,
Movie,
Movie,
Movie,
Movie,
Movie,
Movie,
TV Show,
Movie,
TV Show,
Movie,
TV Show,
TV Show,
Movie,
TV Show,
Movie,
Movie,
Movie,
Movie,
Movie,
Movie,
TV Show,
TV Show,
TV Show,
Movie,
TV Show,
Movie,
Movie,
TV Show,
Movie,
Movie,
Movie,
Movie,
Movie,
Movie,
Movie,
TV Show,
Movie,
Movie,
Movie,
Movie,
Movie,
Movie,
Movie,
TV Show,
Movie,
Movie,
Movie,
Movie,
Movie,
Movie,
Movie,
Movie,
Movie,
Movie,
TV Show,
Movie,
Movie,
TV Show,
Movie,
TV Show,
Movie,
Movie,
Movie,
Movie,
Movie,
Movie,
Movie,
Movie,
Movie,
Movie,
Movie,
TV Show,
Movie,
Movie,
Movie,
TV Show,
TV Show,
Movie,
Movie,
Movie,
TV Show,
TV Show,
Movie,
Movie,
Movie,
Movie,
Movie,
TV Show,
Movie,
Movie,
Movie,
Movie,
TV Show,
Movie,
Movie,
Movie,
Movie,
Movie,
Movie,
Movie,
Movie,
Movie,
Movie,
TV Show,
Movie,
TV Show,
Movie,
Movie,
TV Show,
TV Show,
Movie,
Movie,
Movie,
Movie,
Movie,
Movie,
TV Show,
Movie,
TV Show,
Movie,
Movie,
TV Show,
Movie,
TV Show,
Movie,
Movie,
Movie,
TV Show,
Movie,
Movie,
Movie,
Movie,
Movie,
Movie,
Movie,
Movie,
Movie,
TV Show,
Movie,
TV Show,
Movie,
TV Show,
Movie,
Movie,
Movie,
Movie,
Movie,
Movie,
Movie,
TV Show,
Movie,
TV Show,
Movie,
Movie,
Movie,
TV Show,
TV Show,
TV Show,
Movie,
Movie,
TV Show,
Movie,
TV Show,
Movie,
Movie,
Movie,
Movie,
TV Show,
Movie,
Movie,
Movie,
Movie,
Movie,
Movie,
Movie,
Movie,
Movie,
Movie,
Movie,
Movie,
Movie,
Movie,
TV Show,
Movie,
TV Show,
Movie,
Movie,
Movie,
Movie,
Movie,
Movie,
Movie,
TV Show,
Movie,
Movie,
Movie,
Movie,
Movie,
Movie,
Movie,
Movie,
Movie,
Movie,
TV Show,
Movie,
Movie,
Movie,
Movie,
Movie,
Movie,
TV Show,
Movie,
Movie,
Movie,
TV Show,
TV Show,
Movie,
Movie,
Movie,
TV Show,
Movie,
Movie,
Movie,
Movie,
Movie,
TV Show,
Movie,
Movie,
Movie,
Movie,
Movie,
Movie,
Movie,
Movie,
Movie,
Movie,
TV Show,
Movie,
Movie,
Movie,
TV Show,
Movie,
Movie,
Movie,
Movie,
TV Show,
Movie,
Movie,
Movie,
Movie,
Movie,
Movie,
Movie,
Movie,
Movie,
TV Show,
Movie,
Movie,
Movie,
Movie,
Movie,
Movie,
Movie,
Movie,
Movie,
Movie,
TV Show,
TV Show,
TV Show,
TV Show,
Movie,
TV Show,
Movie,
Movie,
Movie,
Movie,
Movie,
Movie,
Movie,
Movie,
Movie,
Movie,
Movie,
Movie,
TV Show,
Movie,
TV Show,
TV Show,
Movie,
Movie,
Movie,
Movie,
Movie,
Movie,
Movie,
Movie,
Movie,
Movie,
TV Show,
Movie,
Movie,
Movie,
Movie,
Movie,
Movie,
Movie,
TV Show,
Movie,
Movie,
TV Show,
Movie,
TV Show,
Movie,
Movie,
Movie,
TV Show,
Movie,
TV Show,
Movie,
Movie,
Movie,
Movie,
Movie,
Movie,
Movie,
Movie,
TV Show,
Movie,
TV Show,
TV Show,
Movie,
Movie,
Movie,
Movie,
TV Show,
Movie,
Movie,
Movie,
Movie,
Movie,
Movie,
TV Show,
Movie,
TV Show,
Movie,
Movie,
Movie,
Movie,
Movie,
Movie,
Movie,
Movie,
Movie,
Movie,
Movie,
Movie,
Movie,
Movie,
Movie,
Movie,
Movie,
TV Show,
TV Show,
TV Show,
Movie,
Movie,
Movie,
Movie,
TV Show,
Movie,
TV Show,
TV Show,
Movie,
TV Show,
Movie,
Movie,
Movie,
Movie,
Movie,
Movie,
Movie,
Movie,
TV Show,
Movie,
Movie,
Movie,
Movie,
Movie,
Movie,
Movie,
Movie,
Movie,
Movie,
Movie,
Movie,
TV Show,
Movie,
Movie,
Movie,
Movie,
TV Show,
TV Show,
Movie,
TV Show,
Movie,
Movie,
Movie,
Movie,
TV Show,
Movie,
Movie,
Movie,
Movie,
Movie,
Movie,
Movie,
Movie,
Movie,
Movie,
Movie,
Movie,
TV Show,
Movie,
Movie,
Movie,
Movie,
Movie,
Movie,
Movie,
Movie,
Movie,
TV Show,
Movie,
Movie,
Movie,
Movie,
Movie,
Movie,
Movie,
Movie,
TV Show,
TV Show,
TV Show,
TV Show,
TV Show,
Movie,
Movie,
Movie,
Movie,
Movie,
TV Show,
Movie,
TV Show,
Movie,
TV Show,
Movie,
Movie,
Movie,
Movie,
Movie,
Movie,
Movie,
Movie,
Movie,
Movie,
TV Show,
Movie,
Movie,
Movie,
Movie,
Movie,
TV Show,
Movie,
TV Show,
TV Show,
Movie,
Movie,
TV Show,
Movie,
Movie,
Movie,
TV Show,
Movie,
TV Show,
Movie,
Movie,
TV Show,
TV Show,
Movie,
Movie,
Movie,
Movie,
Movie,
TV Show,
Movie,
Movie,
Movie,
Movie,
TV Show,
Movie,
Movie,
Movie,
Movie,
Movie,
Movie,
Movie,
Movie,
TV Show,
Movie,
Movie,
TV Show,
TV Show,
Movie,
Movie,
Movie,
Movie,
Movie,
TV Show,
Movie,
TV Show,
Movie,
Movie,
Movie,
Movie,
TV Show,
Movie,
TV Show,
Movie,
TV Show,
TV Show,
Movie,
Movie,
Movie,
Movie,
TV Show,
TV Show,
Movie,
Movie,
Movie,
TV Show,
Movie,
Movie,
Movie,
Movie,
Movie,
TV Show,
Movie,
Movie,
Movie,
Movie,
Movie,
Movie,
Movie,
Movie,
TV Show,
Movie,
Movie,
Movie,
Movie,
Movie,
Movie,
TV Show,
TV Show,
Movie,
Movie,
Movie,
Movie,
TV Show,
TV Show,
TV Show,
Movie,
TV Show,
Movie,
Movie,
Movie,
Movie,
Movie,
Movie,
TV Show,
Movie,
Movie,
Movie,
Movie,
Movie,
Movie,
Movie,
Movie,
Movie,
Movie,
Movie,
TV Show,
Movie,
TV Show,
Movie,
TV Show,
TV Show,
Movie,
Movie,
Movie,
Movie,
Movie,
Movie,
Movie,
Movie,
TV Show,
Movie,
Movie,
Movie,
Movie,
Movie,
Movie,
Movie,
Movie,
Movie,
Movie,
Movie,
Movie,
Movie,
Movie,
Movie,
Movie,
TV Show,
TV Show,
Movie,
TV Show,
Movie,
Movie,
Movie,
Movie,
Movie,
Movie,
Movie,
TV Show,
TV Show,
Movie,
TV Show,
Movie,
Movie,
Movie,
TV Show,
Movie,
TV Show,
Movie,
TV Show,
Movie,
TV Show,
Movie,
Movie,
Movie,
TV Show,
Movie,
Movie,
Movie,
Movie,
TV Show,
Movie,
Movie,
Movie,
Movie,
Movie,
Movie,
Movie,
Movie,
Movie,
Movie,
Movie,
TV Show,
Movie,
Movie,
TV Show,
Movie,
TV Show,
Movie,
Movie,
Movie,
Movie,
Movie,
Movie,
Movie,
Movie,
Movie,
Movie,
Movie,
Movie,
Movie,
Movie,
Movie,
Movie,
TV Show,
Movie,
TV Show,
TV Show,
Movie,
Movie,
Movie,
Movie,
Movie,
Movie,
Movie,
Movie,
Movie,
Movie,
Movie,
Movie,
Movie,
Movie,
Movie,
TV Show,
Movie,
Movie,
Movie,
Movie,
Movie,
Movie,
TV Show,
TV Show,
Movie,
Movie,
Movie,
Movie,
Movie,
Movie,
Movie,
Movie,
TV Show,
Movie,
TV Show,
Movie,
Movie,
Movie,
Movie,
Movie,
Movie,
TV Show,
Movie,
Movie,
Movie,
TV Show,
Movie,
Movie,
Movie,
Movie,
Movie,
Movie,
Movie,
Movie,
Movie,
Movie,
Movie,
Movie,
Movie,
Movie,
Movie,
Movie,
TV Show,
TV Show,
Movie,
TV Show,
TV Show,
TV Show,
TV Show,
Movie,
TV Show,
Movie,
Movie,
Movie,
Movie,
Movie,
Movie,
Movie,
Movie,
Movie,
TV Show,
Movie,
TV Show,
TV Show,
Movie,
Movie,
Movie,
TV Show,
Movie,
Movie,
Movie,
TV Show,
Movie,
Movie,
Movie,
Movie,
Movie,
Movie,
Movie,
Movie,
Movie,
Movie,
Movie,
Movie,
Movie,
Movie,
Movie,
Movie,
Movie,
Movie,
Movie,
Movie,
Movie,
Movie,
Movie,
Movie,
Movie,
TV Show,
TV Show,
Movie,
Movie,
TV Show,
TV Show,
TV Show,
Movie,
Movie,
TV Show,
Movie,
Movie,
Movie,
Movie,
Movie,
Movie,
Movie,
TV Show,
Movie,
Movie,
Movie,
Movie,
Movie,
TV Show,
Movie,
TV Show,
TV Show,
Movie,
Movie,
Movie,
Movie,
Movie,
Movie,
Movie,
Movie,
Movie,
Movie,
Movie,
Movie,
Movie,
Movie,
Movie,
Movie,
TV Show,
Movie,
Movie,
Movie,
Movie,
TV Show,
Movie,
Movie,
TV Show,
TV Show,
Movie,
Movie,
Movie,
TV Show,
Movie,
Movie,
Movie,
Movie,
Movie,
Movie,
Movie,
Movie,
Movie,
TV Show,
Movie,
Movie,
Movie,
TV Show,
Movie,
Movie,
Movie,
Movie,
TV Show,
Movie,
Movie,
Movie,
Movie,
Movie,
Movie,
TV Show,
Movie,
Movie,
Movie,
TV Show,
TV Show,
Movie,
Movie,
Movie,
Movie,
Movie,
Movie,
Movie,
TV Show,
Movie,
Movie,
TV Show,
Movie,
Movie,
Movie,
TV Show,
Movie,
Movie,
Movie,
TV Show,
Movie,
Movie,
Movie,
Movie,
Movie,
Movie,
Movie,
Movie,
Movie,
Movie,
Movie,
Movie,
Movie,
TV Show,
Movie,
Movie,
Movie,
TV Show,
TV Show,
Movie,
Movie,
Movie,
Movie,
Movie,
Movie,
Movie,
TV Show,
Movie,
Movie,
TV Show,
TV Show,
TV Show,
TV Show,
TV Show,
TV Show,
TV Show,
TV Show,
TV Show,
TV Show,
TV Show,
TV Show,
TV Show,
TV Show,
TV Show,
Movie,
Movie,
Movie,
TV Show,
Movie,
TV Show,
Movie,
Movie,
TV Show,
TV Show,
TV Show,
TV Show,
TV Show,
Movie,
Movie,
Movie,
Movie,
Movie,
Movie,
Movie,
Movie,
TV Show,
Movie,
Movie,
TV Show,
Movie,
TV Show,
Movie,
Movie,
Movie,
Movie,
Movie,
TV Show,
Movie,
TV Show,
Movie,
TV Show,
Movie,
TV Show,
TV Show,
Movie,
TV Show,
Movie,
Movie,
Movie,
Movie,
Movie,
Movie,
Movie,
Movie,
Movie,
Movie,
Movie,
Movie,
TV Show,
Movie,
Movie,
Movie,
Movie,
Movie,
Movie,
TV Show,
Movie,
Movie,
TV Show,
Movie,
TV Show,
Movie,
TV Show,
Movie,
Movie,
Movie,
Movie,
TV Show,
Movie,
Movie,
TV Show,
Movie,
Movie,
Movie,
Movie,
Movie,
TV Show,
Movie,
Movie,
Movie,
Movie,
Movie,
TV Show,
Movie,
TV Show,
Movie,
Movie,
TV Show,
Movie,
Movie,
TV Show,
Movie,
TV Show,
Movie,
Movie,
Movie,
Movie,
Movie,
TV Show,
Movie,
Movie,
Movie,
Movie,
Movie,
Movie,
Movie,
Movie,
Movie,
Movie,
Movie,
Movie,
Movie,
TV Show,
Movie,
Movie,
Movie,
TV Show,
TV Show,
Movie,
Movie,
Movie,
Movie,
Movie,
Movie,
Movie,
Movie,
TV Show,
Movie,
TV Show,
Movie,
Movie,
Movie,
Movie,
Movie,
Movie,
Movie,
Movie,
Movie,
TV Show,
Movie,
Movie,
Movie,
Movie,
Movie,
Movie,
Movie,
Movie,
Movie,
Movie,
Movie,
Movie,
Movie,
Movie,
Movie,
Movie,
Movie,
Movie,
Movie,
Movie,
Movie,
Movie,
Movie,
TV Show,
Movie,
Movie,
Movie,
Movie,
Movie,
TV Show,
Movie,
Movie,
Movie,
Movie,
TV Show,
Movie,
Movie,
Movie,
Movie,
Movie,
Movie,
Movie,
Movie,
Movie,
Movie,
Movie,
Movie,
Movie,
Movie,
TV Show,
Movie,
Movie,
Movie,
Movie,
Movie,
Movie,
Movie,
Movie,
Movie,
Movie,
Movie,
Movie,
Movie,
TV Show,
Movie,
TV Show,
Movie,
Movie,
Movie,
Movie,
Movie,
Movie,
TV Show,
Movie,
TV Show,
Movie,
Movie,
Movie,
Movie,
Movie,
Movie,
Movie,
Movie,
TV Show,
Movie,
Movie,
Movie,
Movie,
Movie,
Movie,
Movie,
Movie,
Movie,
Movie,
Movie,
Movie,
TV Show,
Movie,
Movie,
Movie,
Movie,
TV Show,
TV Show,
TV Show,
Movie,
Movie,
Movie,
Movie,
Movie,
Movie,
Movie,
TV Show,
TV Show,
Movie,
Movie,
Movie,
Movie,
Movie,
Movie,
Movie,
Movie,
TV Show,
Movie,
Movie,
Movie,
Movie,
Movie,
Movie,
Movie,
Movie,
Movie,
Movie,
Movie,
Movie,
Movie,
Movie,
Movie,
Movie,
Movie,
TV Show,
Movie,
Movie,
Movie,
TV Show,
Movie,
TV Show,
Movie,
Movie,
Movie,
Movie,
Movie,
TV Show,
Movie,
Movie,
Movie,
Movie,
Movie,
Movie,
Movie,
Movie,
Movie,
Movie,
Movie,
Movie,
TV Show,
Movie,
TV Show,
Movie,
Movie,
Movie,
Movie,
Movie,
Movie,
Movie,
TV Show,
TV Show,
Movie,
Movie,
TV Show,
Movie,
Movie,
Movie,
Movie,
TV Show,
Movie,
Movie,
Movie,
Movie,
TV Show,
Movie,
TV Show,
Movie,
Movie,
Movie,
Movie,
Movie,
Movie,
Movie,
TV Show,
Movie,
Movie,
Movie,
TV Show,
Movie,
Movie,
Movie,
TV Show,
Movie,
Movie,
Movie,
TV Show,
Movie,
Movie,
TV Show,
Movie,
Movie,
Movie,
Movie,
TV Show,
Movie,
Movie,
Movie,
Movie,
Movie,
TV Show,
Movie,
Movie,
Movie,
TV Show,
TV Show,
Movie,
Movie,
Movie,
Movie,
Movie,
Movie,
Movie,
Movie,
Movie,
Movie,
Movie,
Movie,
Movie,
Movie,
Movie,
Movie,
TV Show,
Movie,
Movie,
Movie,
Movie,
Movie,
Movie,
TV Show,
TV Show,
TV Show,
TV Show,
Movie,
Movie,
Movie,
Movie,
TV Show,
Movie,
TV Show,
Movie,
Movie,
Movie,
Movie,
Movie,
Movie,
TV Show,
Movie,
Movie,
Movie,
TV Show,
Movie,
Movie,
Movie,
Movie,
Movie,
TV Show,
Movie,
Movie,
Movie,
Movie,
Movie,
Movie,
TV Show,
TV Show,
TV Show,
TV Show,
Movie,
Movie,
Movie,
Movie,
TV Show,
Movie,
TV Show,
Movie,
Movie,
Movie,
Movie,
Movie,
Movie,
Movie,
Movie,
Movie,
Movie,
Movie,
Movie,
Movie,
Movie,
Movie,
Movie,
Movie,
Movie,
TV Show,
Movie,
Movie,
Movie,
Movie,
Movie,
Movie,
Movie,
TV Show,
Movie,
Movie,
Movie,
Movie,
Movie,
Movie,
TV Show,
Movie,
Movie,
Movie,
Movie,
Movie,
Movie,
TV Show,
Movie,
Movie,
Movie,
Movie,
TV Show,
Movie,
Movie,
Movie,
Movie,
Movie,
Movie,
Movie,
Movie,
TV Show,
Movie,
Movie,
Movie,
Movie,
Movie,
TV Show,
Movie,
Movie,
Movie,
Movie,
TV Show,
Movie,
Movie,
Movie,
Movie,
TV Show,
Movie,
Movie,
Movie,
Movie,
Movie,
TV Show,
Movie,
Movie,
Movie,
Movie,
Movie,
Movie,
Movie,
Movie,
TV Show,
Movie,
Movie,
Movie,
Movie,
Movie,
Movie,
Movie,
Movie,
TV Show,
Movie,
Movie,
Movie,
TV Show,
TV Show,
Movie,
Movie,
Movie,
Movie,
TV Show,
Movie,
Movie,
Movie,
Movie,
Movie,
Movie,
Movie,
Movie,
Movie,
TV Show,
Movie,
Movie,
TV Show,
Movie,
TV Show,
Movie,
Movie,
Movie,
Movie,
Movie,
Movie,
Movie,
Movie,
Movie,
Movie,
TV Show,
Movie,
TV Show,
Movie,
Movie,
Movie,
TV Show,
Movie,
Movie,
Movie,
TV Show,
Movie,
Movie,
Movie,
Movie,
Movie,
Movie,
Movie,
Movie,
TV Show,
Movie,
TV Show,
Movie,
Movie,
TV Show,
Movie,
TV Show,
Movie,
Movie,
TV Show,
Movie,
TV Show,
TV Show,
Movie,
Movie,
Movie,
Movie,
Movie,
Movie,
Movie,
Movie,
Movie,
Movie,
Movie,
Movie,
TV Show,
Movie,
Movie,
Movie,
Movie,
TV Show,
Movie,
Movie,
Movie,
Movie,
Movie,
Movie,
Movie,
Movie,
Movie,
Movie,
Movie,
Movie,
Movie,
TV Show,
Movie,
Movie,
Movie,
Movie,
Movie,
Movie,
Movie,
Movie,
Movie,
TV Show,
TV Show,
TV Show,
TV Show,
Movie,
Movie,
Movie,
TV Show,
TV Show,
Movie,
TV Show,
Movie,
Movie,
Movie,
Movie,
Movie,
TV Show,
Movie,
TV Show,
Movie,
Movie,
TV Show,
Movie,
Movie,
Movie,
Movie,
Movie,
Movie,
Movie,
Movie,
Movie,
Movie,
Movie,
Movie,
Movie,
Movie,
Movie,
Movie,
Movie,
Movie,
Movie,
Movie,
Movie,
Movie,
Movie,
Movie,
Movie,
Movie,
Movie,
Movie,
TV Show,
Movie,
Movie,
TV Show,
Movie,
TV Show,
Movie,
Movie,
Movie,
Movie,
Movie,
TV Show,
Movie,
Movie,
Movie,
Movie,
Movie,
Movie,
Movie,
TV Show,
Movie,
Movie,
Movie,
Movie,
Movie,
Movie,
Movie,
Movie,
Movie,
Movie,
Movie,
Movie,
TV Show,
Movie,
Movie,
Movie,
Movie,
Movie,
Movie,
TV Show,
Movie,
Movie,
Movie,
Movie,
Movie,
Movie,
Movie,
TV Show,
TV Show,
Movie,
Movie,
Movie,
TV Show,
Movie,
Movie,
Movie,
Movie,
Movie,
Movie,
Movie,
Movie,
Movie,
TV Show,
Movie,
Movie,
Movie,
Movie,
Movie,
TV Show,
Movie,
TV Show,
Movie,
Movie,
TV Show,
TV Show,
Movie,
Movie,
Movie,
TV Show,
Movie,
TV Show,
Movie,
Movie,
Movie,
Movie,
Movie,
TV Show,
Movie,
Movie,
TV Show,
Movie,
Movie,
Movie,
Movie,
Movie,
Movie,
TV Show,
Movie,
Movie,
Movie,
Movie,
Movie,
Movie,
TV Show,
TV Show,
Movie,
Movie,
Movie,
Movie,
Movie,
Movie,
Movie,
Movie,
Movie,
Movie,
Movie,
Movie,
TV Show,
Movie,
Movie,
Movie,
TV Show,
TV Show,
Movie,
Movie,
TV Show,
Movie,
Movie,
TV Show,
TV Show,
Movie,
Movie,
Movie,
TV Show,
TV Show,
Movie,
Movie,
Movie,
TV Show,
Movie,
Movie,
Movie,
Movie,
Movie,
Movie,
Movie,
Movie,
Movie,
Movie,
Movie,
Movie,
Movie,
Movie,
Movie,
Movie,
Movie,
Movie,
Movie,
Movie,
Movie,
Movie,
Movie,
TV Show,
Movie,
Movie,
Movie,
Movie,
Movie,
Movie,
Movie,
Movie,
Movie,
Movie,
TV Show,
Movie,
TV Show,
Movie,
Movie,
Movie,
Movie,
Movie,
Movie,
TV Show,
Movie,
Movie,
Movie,
Movie,
Movie,
Movie,
Movie,
Movie,
Movie,
Movie,
Movie,
Movie,
Movie,
Movie,
Movie,
TV Show,
Movie,
Movie,
Movie,
Movie,
Movie,
Movie,
Movie,
Movie,
Movie,
TV Show,
Movie,
Movie,
Movie,
Movie,
TV Show,
Movie,
Movie,
Movie,
Movie,
Movie,
TV Show,
Movie,
Movie,
Movie,
Movie,
Movie,
Movie,
Movie,
Movie,
Movie,
TV Show,
Movie,
Movie,
Movie,
Movie,
Movie,
Movie,
Movie,
Movie,
Movie,
TV Show,
Movie,
TV Show,
Movie,
Movie,
Movie,
Movie,
Movie,
Movie,
Movie,
TV Show,
TV Show,
Movie,
Movie,
Movie,
Movie,
TV Show,
Movie,
Movie,
Movie,
Movie,
Movie,
Movie,
Movie,
Movie,
Movie,
TV Show,
Movie,
Movie,
Movie,
TV Show,
TV Show,
Movie,
Movie,
Movie,
Movie,
Movie,
TV Show,
Movie,
TV Show,
Movie,
Movie,
Movie,
Movie,
Movie,
TV Show,
Movie,
Movie,
TV Show,
Movie,
Movie,
Movie,
Movie,
Movie,
Movie,
Movie,
Movie,
Movie,
Movie,
Movie,
Movie,
Movie,
Movie,
Movie,
Movie,
TV Show,
Movie,
Movie,
Movie,
Movie,
TV Show,
Movie,
Movie,
TV Show,
Movie,
TV Show,
Movie,
Movie,
Movie,
Movie,
Movie,
Movie,
Movie,
Movie,
Movie,
TV Show,
TV Show,
TV Show,
Movie,
Movie,
TV Show,
Movie,
Movie,
TV Show,
Movie,
Movie,
Movie,
TV Show,
Movie,
